Phecode,Phecode_Description,Sex,ICD_case_include,ICD_control_exclude
165.1,Cancer of bronchus; lung,Both,"C33,C34,C34.0,C34.1,C34.2,C34.3,C34.8,C34.9,D02.2,Z85.1,C34.00,C34.01,C34.02,C34.10,C34.11,C34.12,C34.30,C34.31,C34.32,C34.80,C34.81,C34.82,C34.90,C34.91,C34.92,C7A.090,D02.20,D02.21,D02.22,Z85.11,Z85.110,Z85.118,Z85.12,162.0,162.2,162.3,162.4,162.5,162.8,162.9,209.21,231.2,V10.11","C37,C38.0,C38.1,C38.2,C38.3,C38.4,C38.8,C39,C39.0,C39.8,C39.9,C45.0,C45.2,C76.1,D02.1,D02.3,D02.4,Z85.2,Z85.20,Z85.21,Z85.22,Z85.23,Z85.230,Z85.238,Z85.29,163.0,163.1,163.8,163.9,164.0,164.1,164.2,164.3,164.8,164.9,165.0,165.8,165.9,195.1,231.0,231.1,231.8,231.9,V10.1,V10.12,V10.2,V10.20,V10.29"
185,Cancer of prostate,Male,"C61,D07.5,Z85.46,185.0,185.9,233.4,V10.46","C60,C61,C62,C63,C60.0,C60.1,C60.2,C60.8,C60.9,C62.0,C62.1,C62.9,C63.0,C63.1,C63.2,C63.7,C63.8,C63.9,D05.0,D07.4,D07.6,D40,D40.0,D40.1,D40.7,D40.9,N40,N41,N42,N43,N44,N45,N46,N47,N48,N49,N50,N51,N41.0,N41.1,N41.2,N41.3,N41.8,N41.9,N42.0,N42.1,N42.2,N42.3,N42.8,N42.9,N45.0,N45.9,N48.1,N48.2,N49.0,N49.1,N49.2,N49.8,N49.9,C62.00,C62.01,C62.02,C62.10,C62.11,C62.12,C62.90,C62.91,C62.92,C63.00,C63.01,C63.02,C63.10,C63.11,C63.12,D07.60,D07.61,D07.69,D40.10,D40.11,D40.12,D40.8,N40.0,N40.1,N40.2,N40.3,N41.4,N42.30,N42.31,N42.32,N42.39,N42.81,N42.82,N42.83,N42.89,N45.1,N45.2,N45.3,N45.4,N47.6,N48.21,N48.22,N48.29,N49.3,R97.2,R97.20,R97.21,Z85.45,Z85.47,Z85.48,Z85.49,186.0,186.9,187.0,187.1,187.2,187.3,187.4,187.5,187.6,187.7,187.8,187.9,233.5,233.6,236.4,236.5,236.6,600.0,600.01,600.1,600.11,600.2,600.21,600.3,600.9,600.91,600.99,601.0,601.1,601.2,601.3,601.4,601.8,601.9,602.0,602.1,602.2,602.3,602.8,602.9,604.0,604.9,604.91,604.99,607.1,607.2,608.0,608.4,790.93,V10.45,V10.47,V10.48,V10.49"
250.1,Type 1 diabetes,Both,"E10,E10.0,E10.1,E10.2,E10.3,E10.4,E10.5,E10.6,E10.7,E10.8,E10.9,E10.10,E10.11,E10.21,E10.22,E10.29,E10.31,E10.311,E10.319,E10.32,E10.321,E10.3211,E10.3212,E10.3213,E10.3219,E10.329,E10.3291,E10.3292,E10.3293,E10.3299,E10.33,E10.331,E10.3311,E10.3312,E10.3313,E10.3319,E10.339,E10.3391,E10.3392,E10.3393,E10.3399,E10.34,E10.341,E10.3411,E10.3412,E10.3413,E10.3419,E10.349,E10.3491,E10.3492,E10.3493,E10.3499,E10.35,E10.351,E10.3511,E10.3512,E10.3513,E10.3519,E10.352,E10.3521,E10.3522,E10.3523,E10.3529,E10.353,E10.3531,E10.3532,E10.3533,E10.3539,E10.354,E10.3541,E10.3542,E10.3543,E10.3549,E10.355,E10.3551,E10.3552,E10.3553,E10.3559,E10.359,E10.3591,E10.3592,E10.3593,E10.3599,E10.36,E10.37,E10.37X1,E10.37X2,E10.37X3,E10.37X9,E10.39,E10.40,E10.41,E10.42,E10.43,E10.44,E10.49,E10.51,E10.52,E10.59,E10.61,E10.610,E10.618,E10.62,E10.620,E10.621,E10.622,E10.628,E10.63,E10.630,E10.638,E10.64,E10.641,E10.649,E10.65,E10.69,250.01,250.03,250.11,250.13,250.21,250.23,250.31,250.33,250.41,250.43,250.51,250.53,250.61,250.63,250.71,250.73,250.81,250.83,250.91,250.93","E11,E11.0,E11.1,E11.2,E11.3,E11.4,E11.5,E11.6,E11.7,E11.8,E11.9,E12.1,E12.2,E12.3,E12.5,E12.7,E12.8,E12.9,E13,E13.0,E13.1,E13.2,E13.3,E13.4,E13.5,E13.6,E13.7,E13.8,E13.9,E14.9,G59.0,G63.2,H36.0,R73.0,R73.9,R81,R82.4,Z96.4,E08,E08.0,E08.00,E08.01,E08.1,E08.10,E08.11,E08.2,E08.21,E08.22,E08.29,E08.3,E08.31,E08.311,E08.319,E08.32,E08.321,E08.3211,E08.3212,E08.3213,E08.3219,E08.329,E08.3291,E08.3292,E08.3293,E08.3299,E08.33,E08.331,E08.3311,E08.3312,E08.3313,E08.3319,E08.339,E08.3391,E08.3392,E08.3393,E08.3399,E08.34,E08.341,E08.3411,E08.3412,E08.3413,E08.3419,E08.349,E08.3491,E08.3492,E08.3493,E08.3499,E08.35,E08.351,E08.3511,E08.3512,E08.3513,E08.3519,E08.352,E08.3521,E08.3522,E08.3523,E08.3529,E08.353,E08.3531,E08.3532,E08.3533,E08.3539,E08.354,E08.3541,E08.3542,E08.3543,E08.3549,E08.355,E08.3551,E08.3552,E08.3553,E08.3559,E08.359,E08.3591,E08.3592,E08.3593,E08.3599,E08.36,E08.37,E08.37X1,E08.37X2,E08.37X3,E08.37X9,E08.39,E08.4,E08.40,E08.41,E08.42,E08.43,E08.44,E08.49,E08.5,E08.51,E08.52,E08.59,E08.6,E08.61,E08.610,E08.618,E08.62,E08.620,E08.621,E08.622,E08.628,E08.63,E08.630,E08.638,E08.64,E08.641,E08.649,E08.65,E08.69,E08.8,E08.9,E09,E09.0,E09.00,E09.01,E09.1,E09.10,E09.11,E09.2,E09.21,E09.22,E09.29,E09.3,E09.31,E09.311,E09.319,E09.32,E09.321,E09.3211,E09.3212,E09.3213,E09.3219,E09.329,E09.3291,E09.3292,E09.3293,E09.3299,E09.33,E09.331,E09.3311,E09.3312,E09.3313,E09.3319,E09.339,E09.3391,E09.3392,E09.3393,E09.3399,E09.34,E09.341,E09.3411,E09.3412,E09.3413,E09.3419,E09.349,E09.3491,E09.3492,E09.3493,E09.3499,E09.35,E09.351,E09.3511,E09.3512,E09.3513,E09.3519,E09.352,E09.3521,E09.3522,E09.3523,E09.3529,E09.353,E09.3531,E09.3532,E09.3533,E09.3539,E09.354,E09.3541,E09.3542,E09.3543,E09.3549,E09.355,E09.3551,E09.3552,E09.3553,E09.3559,E09.359,E09.3591,E09.3592,E09.3593,E09.3599,E09.36,E09.37,E09.37X1,E09.37X2,E09.37X3,E09.37X9,E09.39,E09.4,E09.40,E09.41,E09.42,E09.43,E09.44,E09.49,E09.5,E09.51,E09.52,E09.59,E09.6,E09.61,E09.610,E09.618,E09.62,E09.620,E09.621,E09.622,E09.628,E09.63,E09.630,E09.638,E09.64,E09.641,E09.649,E09.65,E09.69,E09.8,E09.9,E11.00,E11.01,E11.10,E11.11,E11.21,E11.22,E11.29,E11.31,E11.311,E11.319,E11.32,E11.321,E11.3211,E11.3212,E11.3213,E11.3219,E11.329,E11.3291,E11.3292,E11.3293,E11.3299,E11.33,E11.331,E11.3311,E11.3312,E11.3313,E11.3319,E11.339,E11.3391,E11.3392,E11.3393,E11.3399,E11.34,E11.341,E11.3411,E11.3412,E11.3413,E11.3419,E11.349,E11.3491,E11.3492,E11.3493,E11.3499,E11.35,E11.351,E11.3511,E11.3512,E11.3513,E11.3519,E11.352,E11.3521,E11.3522,E11.3523,E11.3529,E11.353,E11.3531,E11.3532,E11.3533,E11.3539,E11.354,E11.3541,E11.3542,E11.3543,E11.3549,E11.355,E11.3551,E11.3552,E11.3553,E11.3559,E11.359,E11.3591,E11.3592,E11.3593,E11.3599,E11.36,E11.37,E11.37X1,E11.37X2,E11.37X3,E11.37X9,E11.39,E11.40,E11.41,E11.42,E11.43,E11.44,E11.49,E11.51,E11.52,E11.59,E11.61,E11.610,E11.618,E11.62,E11.620,E11.621,E11.622,E11.628,E11.63,E11.630,E11.638,E11.64,E11.641,E11.649,E11.65,E11.69,E13.00,E13.01,E13.10,E13.11,E13.21,E13.22,E13.29,E13.31,E13.311,E13.319,E13.32,E13.321,E13.3211,E13.3212,E13.3213,E13.3219,E13.329,E13.3291,E13.3292,E13.3293,E13.3299,E13.33,E13.331,E13.3311,E13.3312,E13.3313,E13.3319,E13.339,E13.3391,E13.3392,E13.3393,E13.3399,E13.34,E13.341,E13.3411,E13.3412,E13.3413,E13.3419,E13.349,E13.3491,E13.3492,E13.3493,E13.3499,E13.35,E13.351,E13.3511,E13.3512,E13.3513,E13.3519,E13.352,E13.3521,E13.3522,E13.3523,E13.3529,E13.353,E13.3531,E13.3532,E13.3533,E13.3539,E13.354,E13.3541,E13.3542,E13.3543,E13.3549,E13.355,E13.3551,E13.3552,E13.3553,E13.3559,E13.359,E13.3591,E13.3592,E13.3593,E13.3599,E13.36,E13.37,E13.37X1,E13.37X2,E13.37X3,E13.37X9,E13.39,E13.40,E13.41,E13.42,E13.43,E13.44,E13.49,E13.51,E13.52,E13.59,E13.61,E13.610,E13.618,E13.62,E13.620,E13.621,E13.622,E13.628,E13.63,E13.630,E13.638,E13.64,E13.641,E13.649,E13.65,E13.69,O24.11,R73.01,R73.02,R73.09,Z96.41,Z96.49,249.0,249.01,249.1,249.11,249.2,249.21,249.3,249.31,249.4,249.41,249.5,249.51,249.6,249.61,249.7,249.71,249.8,249.81,249.9,249.91,250.0,250.02,250.09,250.1,250.12,250.19,250.2,250.22,250.29,250.3,250.32,250.4,250.42,250.5,250.52,250.6,250.62,250.7,250.72,250.8,250.82,250.9,250.92,250.99,357.2,362.0,362.01,362.02,362.03,362.04,362.05,362.06,362.07,790.2,790.21,790.22,790.29,791.5,791.6,V45.85,V53.91,V58.67,V65.46"
250.2,Type 2 diabetes,Both,"E11,E11.0,E11.1,E11.2,E11.3,E11.4,E11.5,E11.6,E11.7,E11.8,E11.9,E12.3,E13,E13.0,E13.1,E13.2,E13.3,E13.4,E13.5,E13.6,E13.7,E13.8,E13.9,E14.9,G59.0,E11.00,E11.01,E11.10,E11.11,E11.21,E11.22,E11.29,E11.31,E11.311,E11.319,E11.32,E11.321,E11.3211,E11.3212,E11.3213,E11.3219,E11.329,E11.3291,E11.3292,E11.3293,E11.3299,E11.33,E11.331,E11.3311,E11.3312,E11.3313,E11.3319,E11.339,E11.3391,E11.3392,E11.3393,E11.3399,E11.34,E11.341,E11.3411,E11.3412,E11.3413,E11.3419,E11.349,E11.3491,E11.3492,E11.3493,E11.3499,E11.35,E11.351,E11.3511,E11.3512,E11.3513,E11.3519,E11.352,E11.3521,E11.3522,E11.3523,E11.3529,E11.353,E11.3531,E11.3532,E11.3533,E11.3539,E11.354,E11.3541,E11.3542,E11.3543,E11.3549,E11.355,E11.3551,E11.3552,E11.3553,E11.3559,E11.359,E11.3591,E11.3592,E11.3593,E11.3599,E11.36,E11.37,E11.37X1,E11.37X2,E11.37X3,E11.37X9,E11.39,E11.40,E11.41,E11.42,E11.43,E11.44,E11.49,E11.51,E11.52,E11.59,E11.61,E11.610,E11.618,E11.62,E11.620,E11.621,E11.622,E11.628,E11.63,E11.630,E11.638,E11.64,E11.641,E11.649,E11.65,E11.69,O24.11,250.0,250.02,250.1,250.12,250.2,250.22,250.3,250.32,250.4,250.42,250.5,250.52,250.6,250.62,250.7,250.72,250.8,250.82,250.9,250.92","E10,E11,E12,E13,E14,E10.0,E10.1,E10.2,E10.5,E10.6,E10.7,E10.8,E10.9,E12.1,E12.2,E12.5,E12.7,E12.8,E12.9,G63.2,H36.0,R73.0,R73.9,R81,R82.4,Z96.4,E08,E08.0,E08.00,E08.01,E08.1,E08.10,E08.11,E08.2,E08.21,E08.22,E08.29,E08.3,E08.31,E08.311,E08.319,E08.32,E08.321,E08.3211,E08.3212,E08.3213,E08.3219,E08.329,E08.3291,E08.3292,E08.3293,E08.3299,E08.33,E08.331,E08.3311,E08.3312,E08.3313,E08.3319,E08.339,E08.3391,E08.3392,E08.3393,E08.3399,E08.34,E08.341,E08.3411,E08.3412,E08.3413,E08.3419,E08.349,E08.3491,E08.3492,E08.3493,E08.3499,E08.35,E08.351,E08.3511,E08.3512,E08.3513,E08.3519,E08.352,E08.3521,E08.3522,E08.3523,E08.3529,E08.353,E08.3531,E08.3532,E08.3533,E08.3539,E08.354,E08.3541,E08.3542,E08.3543,E08.3549,E08.355,E08.3551,E08.3552,E08.3553,E08.3559,E08.359,E08.3591,E08.3592,E08.3593,E08.3599,E08.36,E08.37,E08.37X1,E08.37X2,E08.37X3,E08.37X9,E08.39,E08.4,E08.40,E08.41,E08.42,E08.43,E08.44,E08.49,E08.5,E08.51,E08.52,E08.59,E08.6,E08.61,E08.610,E08.618,E08.62,E08.620,E08.621,E08.622,E08.628,E08.63,E08.630,E08.638,E08.64,E08.641,E08.649,E08.65,E08.69,E08.8,E08.9,E09,E09.0,E09.00,E09.01,E09.1,E09.10,E09.11,E09.2,E09.21,E09.22,E09.29,E09.3,E09.31,E09.311,E09.319,E09.32,E09.321,E09.3211,E09.3212,E09.3213,E09.3219,E09.329,E09.3291,E09.3292,E09.3293,E09.3299,E09.33,E09.331,E09.3311,E09.3312,E09.3313,E09.3319,E09.339,E09.3391,E09.3392,E09.3393,E09.3399,E09.34,E09.341,E09.3411,E09.3412,E09.3413,E09.3419,E09.349,E09.3491,E09.3492,E09.3493,E09.3499,E09.35,E09.351,E09.3511,E09.3512,E09.3513,E09.3519,E09.352,E09.3521,E09.3522,E09.3523,E09.3529,E09.353,E09.3531,E09.3532,E09.3533,E09.3539,E09.354,E09.3541,E09.3542,E09.3543,E09.3549,E09.355,E09.3551,E09.3552,E09.3553,E09.3559,E09.359,E09.3591,E09.3592,E09.3593,E09.3599,E09.36,E09.37,E09.37X1,E09.37X2,E09.37X3,E09.37X9,E09.39,E09.4,E09.40,E09.41,E09.42,E09.43,E09.44,E09.49,E09.5,E09.51,E09.52,E09.59,E09.6,E09.61,E09.610,E09.618,E09.62,E09.620,E09.621,E09.622,E09.628,E09.63,E09.630,E09.638,E09.64,E09.641,E09.649,E09.65,E09.69,E09.8,E09.9,E10.10,E10.11,E10.21,E10.22,E10.29,E10.3,E10.31,E10.311,E10.319,E10.32,E10.321,E10.3211,E10.3212,E10.3213,E10.3219,E10.329,E10.3291,E10.3292,E10.3293,E10.3299,E10.33,E10.331,E10.3311,E10.3312,E10.3313,E10.3319,E10.339,E10.3391,E10.3392,E10.3393,E10.3399,E10.34,E10.341,E10.3411,E10.3412,E10.3413,E10.3419,E10.349,E10.3491,E10.3492,E10.3493,E10.3499,E10.35,E10.351,E10.3511,E10.3512,E10.3513,E10.3519,E10.352,E10.3521,E10.3522,E10.3523,E10.3529,E10.353,E10.3531,E10.3532,E10.3533,E10.3539,E10.354,E10.3541,E10.3542,E10.3543,E10.3549,E10.355,E10.3551,E10.3552,E10.3553,E10.3559,E10.359,E10.3591,E10.3592,E10.3593,E10.3599,E10.36,E10.37,E10.37X1,E10.37X2,E10.37X3,E10.37X9,E10.39,E10.4,E10.40,E10.41,E10.42,E10.43,E10.44,E10.49,E10.51,E10.52,E10.59,E10.61,E10.610,E10.618,E10.62,E10.620,E10.621,E10.622,E10.628,E10.63,E10.630,E10.638,E10.64,E10.641,E10.649,E10.65,E10.69,E13.0,E13.00,E13.01,E13.1,E13.10,E13.11,E13.2,E13.21,E13.22,E13.29,E13.3,E13.31,E13.311,E13.319,E13.32,E13.321,E13.3211,E13.3212,E13.3213,E13.3219,E13.329,E13.3291,E13.3292,E13.3293,E13.3299,E13.33,E13.331,E13.3311,E13.3312,E13.3313,E13.3319,E13.339,E13.3391,E13.3392,E13.3393,E13.3399,E13.34,E13.341,E13.3411,E13.3412,E13.3413,E13.3419,E13.349,E13.3491,E13.3492,E13.3493,E13.3499,E13.35,E13.351,E13.3511,E13.3512,E13.3513,E13.3519,E13.352,E13.3521,E13.3522,E13.3523,E13.3529,E13.353,E13.3531,E13.3532,E13.3533,E13.3539,E13.354,E13.3541,E13.3542,E13.3543,E13.3549,E13.355,E13.3551,E13.3552,E13.3553,E13.3559,E13.359,E13.3591,E13.3592,E13.3593,E13.3599,E13.36,E13.37,E13.37X1,E13.37X2,E13.37X3,E13.37X9,E13.39,E13.4,E13.40,E13.41,E13.42,E13.43,E13.44,E13.49,E13.5,E13.51,E13.52,E13.59,E13.6,E13.61,E13.610,E13.618,E13.62,E13.620,E13.621,E13.622,E13.628,E13.63,E13.630,E13.638,E13.64,E13.641,E13.649,E13.65,E13.69,E13.8,E13.9,R73.01,R73.02,R73.09,Z96.41,Z96.49,249.0,249.01,249.1,249.11,249.2,249.21,249.3,249.31,249.4,249.41,249.5,249.51,249.6,249.61,249.7,249.71,249.8,249.81,249.9,249.91,250.0,250.01,250.03,250.09,250.1,250.11,250.13,250.19,250.2,250.21,250.23,250.29,250.3,250.31,250.33,250.4,250.41,250.43,250.5,250.51,250.53,250.6,250.61,250.63,250.7,250.71,250.73,250.8,250.81,250.83,250.9,250.91,250.93,250.99,357.2,362.0,362.01,362.02,362.03,362.04,362.05,362.06,362.07,790.2,790.21,790.22,790.29,791.5,791.6,V45.85,V53.91,V58.67,V65.46"
250.22,Type 2 diabetes with renal manifestations,Both,"E11.2,E11.21,E11.22,E11.29,250.4,250.42","E10,E11,E12,E13,E14,E10.0,E10.1,E10.2,E10.3,E10.4,E10.5,E10.6,E10.7,E10.8,E10.9,E11.0,E11.1,E11.3,E11.4,E11.5,E11.6,E11.7,E11.8,E11.9,E12.1,E12.2,E12.3,E12.5,E12.7,E12.8,E12.9,E13.0,E13.1,E13.2,E13.3,E13.4,E13.5,E13.6,E13.7,E13.8,E13.9,E14.9,G59.0,G63.2,H36.0,R73.0,R73.9,R81,R82.4,Z96.4,E08,E08.0,E08.00,E08.01,E08.1,E08.10,E08.11,E08.2,E08.21,E08.22,E08.29,E08.3,E08.31,E08.311,E08.319,E08.32,E08.321,E08.3211,E08.3212,E08.3213,E08.3219,E08.329,E08.3291,E08.3292,E08.3293,E08.3299,E08.33,E08.331,E08.3311,E08.3312,E08.3313,E08.3319,E08.339,E08.3391,E08.3392,E08.3393,E08.3399,E08.34,E08.341,E08.3411,E08.3412,E08.3413,E08.3419,E08.349,E08.3491,E08.3492,E08.3493,E08.3499,E08.35,E08.351,E08.3511,E08.3512,E08.3513,E08.3519,E08.352,E08.3521,E08.3522,E08.3523,E08.3529,E08.353,E08.3531,E08.3532,E08.3533,E08.3539,E08.354,E08.3541,E08.3542,E08.3543,E08.3549,E08.355,E08.3551,E08.3552,E08.3553,E08.3559,E08.359,E08.3591,E08.3592,E08.3593,E08.3599,E08.36,E08.37,E08.37X1,E08.37X2,E08.37X3,E08.37X9,E08.39,E08.4,E08.40,E08.41,E08.42,E08.43,E08.44,E08.49,E08.5,E08.51,E08.52,E08.59,E08.6,E08.61,E08.610,E08.618,E08.62,E08.620,E08.621,E08.622,E08.628,E08.63,E08.630,E08.638,E08.64,E08.641,E08.649,E08.65,E08.69,E08.8,E08.9,E09,E09.0,E09.00,E09.01,E09.1,E09.10,E09.11,E09.2,E09.21,E09.22,E09.29,E09.3,E09.31,E09.311,E09.319,E09.32,E09.321,E09.3211,E09.3212,E09.3213,E09.3219,E09.329,E09.3291,E09.3292,E09.3293,E09.3299,E09.33,E09.331,E09.3311,E09.3312,E09.3313,E09.3319,E09.339,E09.3391,E09.3392,E09.3393,E09.3399,E09.34,E09.341,E09.3411,E09.3412,E09.3413,E09.3419,E09.349,E09.3491,E09.3492,E09.3493,E09.3499,E09.35,E09.351,E09.3511,E09.3512,E09.3513,E09.3519,E09.352,E09.3521,E09.3522,E09.3523,E09.3529,E09.353,E09.3531,E09.3532,E09.3533,E09.3539,E09.354,E09.3541,E09.3542,E09.3543,E09.3549,E09.355,E09.3551,E09.3552,E09.3553,E09.3559,E09.359,E09.3591,E09.3592,E09.3593,E09.3599,E09.36,E09.37,E09.37X1,E09.37X2,E09.37X3,E09.37X9,E09.39,E09.4,E09.40,E09.41,E09.42,E09.43,E09.44,E09.49,E09.5,E09.51,E09.52,E09.59,E09.6,E09.61,E09.610,E09.618,E09.62,E09.620,E09.621,E09.622,E09.628,E09.63,E09.630,E09.638,E09.64,E09.641,E09.649,E09.65,E09.69,E09.8,E09.9,E10.10,E10.11,E10.21,E10.22,E10.29,E10.31,E10.311,E10.319,E10.32,E10.321,E10.3211,E10.3212,E10.3213,E10.3219,E10.329,E10.3291,E10.3292,E10.3293,E10.3299,E10.33,E10.331,E10.3311,E10.3312,E10.3313,E10.3319,E10.339,E10.3391,E10.3392,E10.3393,E10.3399,E10.34,E10.341,E10.3411,E10.3412,E10.3413,E10.3419,E10.349,E10.3491,E10.3492,E10.3493,E10.3499,E10.35,E10.351,E10.3511,E10.3512,E10.3513,E10.3519,E10.352,E10.3521,E10.3522,E10.3523,E10.3529,E10.353,E10.3531,E10.3532,E10.3533,E10.3539,E10.354,E10.3541,E10.3542,E10.3543,E10.3549,E10.355,E10.3551,E10.3552,E10.3553,E10.3559,E10.359,E10.3591,E10.3592,E10.3593,E10.3599,E10.36,E10.37,E10.37X1,E10.37X2,E10.37X3,E10.37X9,E10.39,E10.40,E10.41,E10.42,E10.43,E10.44,E10.49,E10.51,E10.52,E10.59,E10.61,E10.610,E10.618,E10.62,E10.620,E10.621,E10.622,E10.628,E10.63,E10.630,E10.638,E10.64,E10.641,E10.649,E10.65,E10.69,E11.00,E11.01,E11.10,E11.11,E11.31,E11.311,E11.319,E11.32,E11.321,E11.3211,E11.3212,E11.3213,E11.3219,E11.329,E11.3291,E11.3292,E11.3293,E11.3299,E11.33,E11.331,E11.3311,E11.3312,E11.3313,E11.3319,E11.339,E11.3391,E11.3392,E11.3393,E11.3399,E11.34,E11.341,E11.3411,E11.3412,E11.3413,E11.3419,E11.349,E11.3491,E11.3492,E11.3493,E11.3499,E11.35,E11.351,E11.3511,E11.3512,E11.3513,E11.3519,E11.352,E11.3521,E11.3522,E11.3523,E11.3529,E11.353,E11.3531,E11.3532,E11.3533,E11.3539,E11.354,E11.3541,E11.3542,E11.3543,E11.3549,E11.355,E11.3551,E11.3552,E11.3553,E11.3559,E11.359,E11.3591,E11.3592,E11.3593,E11.3599,E11.36,E11.37,E11.37X1,E11.37X2,E11.37X3,E11.37X9,E11.39,E11.40,E11.41,E11.42,E11.43,E11.44,E11.49,E11.51,E11.52,E11.59,E11.61,E11.610,E11.618,E11.62,E11.620,E11.621,E11.622,E11.628,E11.63,E11.630,E11.638,E11.64,E11.641,E11.649,E11.65,E11.69,E13.00,E13.01,E13.10,E13.11,E13.21,E13.22,E13.29,E13.31,E13.311,E13.319,E13.32,E13.321,E13.3211,E13.3212,E13.3213,E13.3219,E13.329,E13.3291,E13.3292,E13.3293,E13.3299,E13.33,E13.331,E13.3311,E13.3312,E13.3313,E13.3319,E13.339,E13.3391,E13.3392,E13.3393,E13.3399,E13.34,E13.341,E13.3411,E13.3412,E13.3413,E13.3419,E13.349,E13.3491,E13.3492,E13.3493,E13.3499,E13.35,E13.351,E13.3511,E13.3512,E13.3513,E13.3519,E13.352,E13.3521,E13.3522,E13.3523,E13.3529,E13.353,E13.3531,E13.3532,E13.3533,E13.3539,E13.354,E13.3541,E13.3542,E13.3543,E13.3549,E13.355,E13.3551,E13.3552,E13.3553,E13.3559,E13.359,E13.3591,E13.3592,E13.3593,E13.3599,E13.36,E13.37,E13.37X1,E13.37X2,E13.37X3,E13.37X9,E13.39,E13.40,E13.41,E13.42,E13.43,E13.44,E13.49,E13.51,E13.52,E13.59,E13.61,E13.610,E13.618,E13.62,E13.620,E13.621,E13.622,E13.628,E13.63,E13.630,E13.638,E13.64,E13.641,E13.649,E13.65,E13.69,O24.11,R73.01,R73.02,R73.09,Z96.41,Z96.49,249.0,249.01,249.1,249.11,249.2,249.21,249.3,249.31,249.4,249.41,249.5,249.51,249.6,249.61,249.7,249.71,249.8,249.81,249.9,249.91,250.0,250.01,250.02,250.03,250.09,250.1,250.11,250.12,250.13,250.19,250.2,250.21,250.22,250.23,250.29,250.3,250.31,250.32,250.33,250.4,250.41,250.43,250.5,250.51,250.52,250.53,250.6,250.61,250.62,250.63,250.7,250.71,250.72,250.73,250.8,250.81,250.82,250.83,250.9,250.91,250.92,250.93,250.99,357.2,362.0,362.01,362.02,362.03,362.04,362.05,362.06,362.07,790.2,790.21,790.22,790.29,791.5,791.6,V45.85,V53.91,V58.67,V65.46"
250.6,Polyneuropathy in diabetes,Both,"G63.2,E08.42,E09.42,E10.42,357.2","E10,E11,E12,E13,E14,E10.0,E10.1,E10.2,E10.3,E10.4,E10.5,E10.6,E10.7,E10.8,E10.9,E11.0,E11.1,E11.2,E11.3,E11.4,E11.5,E11.6,E11.7,E11.8,E11.9,E12.1,E12.2,E12.3,E12.5,E12.7,E12.8,E12.9,E13.0,E13.1,E13.2,E13.3,E13.4,E13.5,E13.6,E13.7,E13.8,E13.9,E14.9,G59.0,H36.0,R73.0,R73.9,R81,R82.4,Z96.4,E08,E08.0,E08.00,E08.01,E08.1,E08.10,E08.11,E08.2,E08.21,E08.22,E08.29,E08.3,E08.31,E08.311,E08.319,E08.32,E08.321,E08.3211,E08.3212,E08.3213,E08.3219,E08.329,E08.3291,E08.3292,E08.3293,E08.3299,E08.33,E08.331,E08.3311,E08.3312,E08.3313,E08.3319,E08.339,E08.3391,E08.3392,E08.3393,E08.3399,E08.34,E08.341,E08.3411,E08.3412,E08.3413,E08.3419,E08.349,E08.3491,E08.3492,E08.3493,E08.3499,E08.35,E08.351,E08.3511,E08.3512,E08.3513,E08.3519,E08.352,E08.3521,E08.3522,E08.3523,E08.3529,E08.353,E08.3531,E08.3532,E08.3533,E08.3539,E08.354,E08.3541,E08.3542,E08.3543,E08.3549,E08.355,E08.3551,E08.3552,E08.3553,E08.3559,E08.359,E08.3591,E08.3592,E08.3593,E08.3599,E08.36,E08.37,E08.37X1,E08.37X2,E08.37X3,E08.37X9,E08.39,E08.4,E08.40,E08.41,E08.43,E08.44,E08.49,E08.5,E08.51,E08.52,E08.59,E08.6,E08.61,E08.610,E08.618,E08.62,E08.620,E08.621,E08.622,E08.628,E08.63,E08.630,E08.638,E08.64,E08.641,E08.649,E08.65,E08.69,E08.8,E08.9,E09,E09.0,E09.00,E09.01,E09.1,E09.10,E09.11,E09.2,E09.21,E09.22,E09.29,E09.3,E09.31,E09.311,E09.319,E09.32,E09.321,E09.3211,E09.3212,E09.3213,E09.3219,E09.329,E09.3291,E09.3292,E09.3293,E09.3299,E09.33,E09.331,E09.3311,E09.3312,E09.3313,E09.3319,E09.339,E09.3391,E09.3392,E09.3393,E09.3399,E09.34,E09.341,E09.3411,E09.3412,E09.3413,E09.3419,E09.349,E09.3491,E09.3492,E09.3493,E09.3499,E09.35,E09.351,E09.3511,E09.3512,E09.3513,E09.3519,E09.352,E09.3521,E09.3522,E09.3523,E09.3529,E09.353,E09.3531,E09.3532,E09.3533,E09.3539,E09.354,E09.3541,E09.3542,E09.3543,E09.3549,E09.355,E09.3551,E09.3552,E09.3553,E09.3559,E09.359,E09.3591,E09.3592,E09.3593,E09.3599,E09.36,E09.37,E09.37X1,E09.37X2,E09.37X3,E09.37X9,E09.39,E09.4,E09.40,E09.41,E09.43,E09.44,E09.49,E09.5,E09.51,E09.52,E09.59,E09.6,E09.61,E09.610,E09.618,E09.62,E09.620,E09.621,E09.622,E09.628,E09.63,E09.630,E09.638,E09.64,E09.641,E09.649,E09.65,E09.69,E09.8,E09.9,E10.10,E10.11,E10.21,E10.22,E10.29,E10.31,E10.311,E10.319,E10.32,E10.321,E10.3211,E10.3212,E10.3213,E10.3219,E10.329,E10.3291,E10.3292,E10.3293,E10.3299,E10.33,E10.331,E10.3311,E10.3312,E10.3313,E10.3319,E10.339,E10.3391,E10.3392,E10.3393,E10.3399,E10.34,E10.341,E10.3411,E10.3412,E10.3413,E10.3419,E10.349,E10.3491,E10.3492,E10.3493,E10.3499,E10.35,E10.351,E10.3511,E10.3512,E10.3513,E10.3519,E10.352,E10.3521,E10.3522,E10.3523,E10.3529,E10.353,E10.3531,E10.3532,E10.3533,E10.3539,E10.354,E10.3541,E10.3542,E10.3543,E10.3549,E10.355,E10.3551,E10.3552,E10.3553,E10.3559,E10.359,E10.3591,E10.3592,E10.3593,E10.3599,E10.36,E10.37,E10.37X1,E10.37X2,E10.37X3,E10.37X9,E10.39,E10.40,E10.41,E10.43,E10.44,E10.49,E10.51,E10.52,E10.59,E10.61,E10.610,E10.618,E10.62,E10.620,E10.621,E10.622,E10.628,E10.63,E10.630,E10.638,E10.64,E10.641,E10.649,E10.65,E10.69,E11.00,E11.01,E11.10,E11.11,E11.21,E11.22,E11.29,E11.31,E11.311,E11.319,E11.32,E11.321,E11.3211,E11.3212,E11.3213,E11.3219,E11.329,E11.3291,E11.3292,E11.3293,E11.3299,E11.33,E11.331,E11.3311,E11.3312,E11.3313,E11.3319,E11.339,E11.3391,E11.3392,E11.3393,E11.3399,E11.34,E11.341,E11.3411,E11.3412,E11.3413,E11.3419,E11.349,E11.3491,E11.3492,E11.3493,E11.3499,E11.35,E11.351,E11.3511,E11.3512,E11.3513,E11.3519,E11.352,E11.3521,E11.3522,E11.3523,E11.3529,E11.353,E11.3531,E11.3532,E11.3533,E11.3539,E11.354,E11.3541,E11.3542,E11.3543,E11.3549,E11.355,E11.3551,E11.3552,E11.3553,E11.3559,E11.359,E11.3591,E11.3592,E11.3593,E11.3599,E11.36,E11.37,E11.37X1,E11.37X2,E11.37X3,E11.37X9,E11.39,E11.40,E11.41,E11.42,E11.43,E11.44,E11.49,E11.51,E11.52,E11.59,E11.61,E11.610,E11.618,E11.62,E11.620,E11.621,E11.622,E11.628,E11.63,E11.630,E11.638,E11.64,E11.641,E11.649,E11.65,E11.69,E13.00,E13.01,E13.10,E13.11,E13.21,E13.22,E13.29,E13.31,E13.311,E13.319,E13.32,E13.321,E13.3211,E13.3212,E13.3213,E13.3219,E13.329,E13.3291,E13.3292,E13.3293,E13.3299,E13.33,E13.331,E13.3311,E13.3312,E13.3313,E13.3319,E13.339,E13.3391,E13.3392,E13.3393,E13.3399,E13.34,E13.341,E13.3411,E13.3412,E13.3413,E13.3419,E13.349,E13.3491,E13.3492,E13.3493,E13.3499,E13.35,E13.351,E13.3511,E13.3512,E13.3513,E13.3519,E13.352,E13.3521,E13.3522,E13.3523,E13.3529,E13.353,E13.3531,E13.3532,E13.3533,E13.3539,E13.354,E13.3541,E13.3542,E13.3543,E13.3549,E13.355,E13.3551,E13.3552,E13.3553,E13.3559,E13.359,E13.3591,E13.3592,E13.3593,E13.3599,E13.36,E13.37,E13.37X1,E13.37X2,E13.37X3,E13.37X9,E13.39,E13.40,E13.41,E13.42,E13.43,E13.44,E13.49,E13.51,E13.52,E13.59,E13.61,E13.610,E13.618,E13.62,E13.620,E13.621,E13.622,E13.628,E13.63,E13.630,E13.638,E13.64,E13.641,E13.649,E13.65,E13.69,O24.11,R73.01,R73.02,R73.09,Z96.41,Z96.49,249.0,249.01,249.1,249.11,249.2,249.21,249.3,249.31,249.4,249.41,249.5,249.51,249.6,249.61,249.7,249.71,249.8,249.81,249.9,249.91,250.0,250.01,250.02,250.03,250.09,250.1,250.11,250.12,250.13,250.19,250.2,250.21,250.22,250.23,250.29,250.3,250.31,250.32,250.33,250.4,250.41,250.42,250.43,250.5,250.51,250.52,250.53,250.6,250.61,250.62,250.63,250.7,250.71,250.72,250.73,250.8,250.81,250.82,250.83,250.9,250.91,250.92,250.93,250.99,362.0,362.01,362.02,362.03,362.04,362.05,362.06,362.07,790.2,790.21,790.22,790.29,791.5,791.6,V45.85,V53.91,V58.67,V65.46"
250.7,Diabetic retinopathy,Both,"E10.3,E13.3,H36.0,E08.3,E08.31,E08.311,E08.319,E08.32,E08.321,E08.3211,E08.3212,E08.3213,E08.3219,E08.329,E08.3291,E08.3292,E08.3293,E08.3299,E08.33,E08.331,E08.3311,E08.3312,E08.3313,E08.3319,E08.339,E08.3391,E08.3392,E08.3393,E08.3399,E08.34,E08.341,E08.3411,E08.3412,E08.3413,E08.3419,E08.349,E08.3491,E08.3492,E08.3493,E08.3499,E08.35,E08.351,E08.3511,E08.3512,E08.3513,E08.3519,E08.352,E08.3521,E08.3522,E08.3523,E08.3529,E08.353,E08.3531,E08.3532,E08.3533,E08.3539,E08.354,E08.3541,E08.3542,E08.3543,E08.3549,E08.355,E08.3551,E08.3552,E08.3553,E08.3559,E08.359,E08.3591,E08.3592,E08.3593,E08.3599,E08.36,E08.37,E08.37X1,E08.37X2,E08.37X3,E08.37X9,E08.39,E09.3,E09.31,E09.311,E09.319,E09.32,E09.321,E09.3211,E09.3212,E09.3213,E09.3219,E09.329,E09.3291,E09.3292,E09.3293,E09.3299,E09.33,E09.331,E09.3311,E09.3312,E09.3313,E09.3319,E09.339,E09.3391,E09.3392,E09.3393,E09.3399,E09.34,E09.341,E09.3411,E09.3412,E09.3413,E09.3419,E09.349,E09.3491,E09.3492,E09.3493,E09.3499,E09.35,E09.351,E09.3511,E09.3512,E09.3513,E09.3519,E09.352,E09.3521,E09.3522,E09.3523,E09.3529,E09.353,E09.3531,E09.3532,E09.3533,E09.3539,E09.354,E09.3541,E09.3542,E09.3543,E09.3549,E09.355,E09.3551,E09.3552,E09.3553,E09.3559,E09.359,E09.3591,E09.3592,E09.3593,E09.3599,E09.36,E09.37,E09.37X1,E09.37X2,E09.37X3,E09.37X9,E09.39,E10.31,E10.311,E10.319,E10.32,E10.321,E10.3211,E10.3212,E10.3213,E10.3219,E10.329,E10.3291,E10.3292,E10.3293,E10.3299,E10.33,E10.331,E10.3311,E10.3312,E10.3313,E10.3319,E10.339,E10.3391,E10.3392,E10.3393,E10.3399,E10.34,E10.341,E10.3411,E10.3412,E10.3413,E10.3419,E10.349,E10.3491,E10.3492,E10.3493,E10.3499,E10.35,E10.351,E10.3511,E10.3512,E10.3513,E10.3519,E10.352,E10.3521,E10.3522,E10.3523,E10.3529,E10.353,E10.3531,E10.3532,E10.3533,E10.3539,E10.354,E10.3541,E10.3542,E10.3543,E10.3549,E10.355,E10.3551,E10.3552,E10.3553,E10.3559,E10.359,E10.3591,E10.3592,E10.3593,E10.3599,E10.36,E10.37,E10.37X1,E10.37X2,E10.37X3,E10.37X9,E10.39,E11.3,E11.31,E11.311,E11.319,E11.32,E11.321,E11.3211,E11.3212,E11.3213,E11.3219,E11.329,E11.3291,E11.3292,E11.3293,E11.3299,E11.33,E11.331,E11.3311,E11.3312,E11.3313,E11.3319,E11.339,E11.3391,E11.3392,E11.3393,E11.3399,E11.34,E11.341,E11.3411,E11.3412,E11.3413,E11.3419,E11.349,E11.3491,E11.3492,E11.3493,E11.3499,E11.35,E11.351,E11.3511,E11.3512,E11.3513,E11.3519,E11.352,E11.3521,E11.3522,E11.3523,E11.3529,E11.353,E11.3531,E11.3532,E11.3533,E11.3539,E11.354,E11.3541,E11.3542,E11.3543,E11.3549,E11.355,E11.3551,E11.3552,E11.3553,E11.3559,E11.359,E11.3591,E11.3592,E11.3593,E11.3599,E11.36,E11.37,E11.37X1,E11.37X2,E11.37X3,E11.37X9,E11.39,E13.31,E13.311,E13.319,E13.32,E13.321,E13.3211,E13.3212,E13.3213,E13.3219,E13.329,E13.3291,E13.3292,E13.3293,E13.3299,E13.33,E13.331,E13.3311,E13.3312,E13.3313,E13.3319,E13.339,E13.3391,E13.3392,E13.3393,E13.3399,E13.34,E13.341,E13.3411,E13.3412,E13.3413,E13.3419,E13.349,E13.3491,E13.3492,E13.3493,E13.3499,E13.35,E13.351,E13.3511,E13.3512,E13.3513,E13.3519,E13.352,E13.3521,E13.3522,E13.3523,E13.3529,E13.353,E13.3531,E13.3532,E13.3533,E13.3539,E13.354,E13.3541,E13.3542,E13.3543,E13.3549,E13.355,E13.3551,E13.3552,E13.3553,E13.3559,E13.359,E13.3591,E13.3592,E13.3593,E13.3599,362.0,362.01,362.02,362.03,362.04,362.05,362.06,362.07","G45.3,H17,H17.0,H17.1,H17.8,H17.9,H18,H18.0,H18.1,H18.2,H18.3,H18.4,H18.5,H18.6,H18.7,H18.8,H18.9,H19.2,H31,H31.0,H31.1,H31.2,H31.3,H31.4,H31.8,H31.9,H32,H32.0,H32.8,H33,H33.0,H33.1,H33.2,H33.3,H33.4,H33.5,H34,H34.0,H34.1,H34.2,H34.8,H34.9,H35,H35.0,H35.1,H35.2,H35.3,H35.4,H35.5,H35.6,H35.7,H35.8,H35.9,H36,H36.8,H40,H41,H42,H40.0,H40.1,H40.2,H40.3,H40.4,H40.5,H40.6,H40.8,H40.9,H42.0,H42.8,H44,H44.0,H44.1,H44.2,H44.3,H44.4,H44.5,H44.6,H44.7,H44.8,H44.9,Z94.7,H02.73,H02.731,H02.732,H02.733,H02.734,H02.735,H02.736,H02.739,H17.00,H17.01,H17.02,H17.03,H17.10,H17.11,H17.12,H17.13,H17.81,H17.811,H17.812,H17.813,H17.819,H17.82,H17.821,H17.822,H17.823,H17.829,H17.89,H18.00,H18.001,H18.002,H18.003,H18.009,H18.01,H18.011,H18.012,H18.013,H18.019,H18.02,H18.021,H18.022,H18.023,H18.029,H18.03,H18.031,H18.032,H18.033,H18.039,H18.04,H18.041,H18.042,H18.043,H18.049,H18.05,H18.051,H18.052,H18.053,H18.059,H18.06,H18.061,H18.062,H18.063,H18.069,H18.10,H18.11,H18.12,H18.13,H18.20,H18.21,H18.211,H18.212,H18.213,H18.219,H18.22,H18.221,H18.222,H18.223,H18.229,H18.23,H18.231,H18.232,H18.233,H18.239,H18.30,H18.31,H18.311,H18.312,H18.313,H18.319,H18.32,H18.321,H18.322,H18.323,H18.329,H18.33,H18.331,H18.332,H18.333,H18.339,H18.40,H18.41,H18.411,H18.412,H18.413,H18.419,H18.42,H18.421,H18.422,H18.423,H18.429,H18.43,H18.44,H18.441,H18.442,H18.443,H18.449,H18.45,H18.451,H18.452,H18.453,H18.459,H18.46,H18.461,H18.462,H18.463,H18.469,H18.49,H18.50,H18.51,H18.52,H18.53,H18.54,H18.55,H18.59,H18.60,H18.601,H18.602,H18.603,H18.609,H18.61,H18.611,H18.612,H18.613,H18.619,H18.62,H18.621,H18.622,H18.623,H18.629,H18.70,H18.71,H18.711,H18.712,H18.713,H18.719,H18.72,H18.721,H18.722,H18.723,H18.729,H18.73,H18.731,H18.732,H18.733,H18.739,H18.79,H18.791,H18.792,H18.793,H18.799,H18.81,H18.811,H18.812,H18.813,H18.819,H18.82,H18.821,H18.822,H18.823,H18.829,H18.83,H18.831,H18.832,H18.833,H18.839,H18.89,H18.891,H18.892,H18.893,H18.899,H31.00,H31.001,H31.002,H31.003,H31.009,H31.01,H31.011,H31.012,H31.013,H31.019,H31.02,H31.021,H31.022,H31.023,H31.029,H31.09,H31.091,H31.092,H31.093,H31.099,H31.10,H31.101,H31.102,H31.103,H31.109,H31.11,H31.111,H31.112,H31.113,H31.119,H31.12,H31.121,H31.122,H31.123,H31.129,H31.20,H31.21,H31.22,H31.23,H31.29,H31.30,H31.301,H31.302,H31.303,H31.309,H31.31,H31.311,H31.312,H31.313,H31.319,H31.32,H31.321,H31.322,H31.323,H31.329,H31.40,H31.401,H31.402,H31.403,H31.409,H31.41,H31.411,H31.412,H31.413,H31.419,H31.42,H31.421,H31.422,H31.423,H31.429,H33.00,H33.001,H33.002,H33.003,H33.009,H33.01,H33.011,H33.012,H33.013,H33.019,H33.02,H33.021,H33.022,H33.023,H33.029,H33.03,H33.031,H33.032,H33.033,H33.039,H33.04,H33.041,H33.042,H33.043,H33.049,H33.05,H33.051,H33.052,H33.053,H33.059,H33.10,H33.101,H33.102,H33.103,H33.109,H33.11,H33.111,H33.112,H33.113,H33.119,H33.19,H33.191,H33.192,H33.193,H33.199,H33.20,H33.21,H33.22,H33.23,H33.30,H33.301,H33.302,H33.303,H33.309,H33.31,H33.311,H33.312,H33.313,H33.319,H33.32,H33.321,H33.322,H33.323,H33.329,H33.33,H33.331,H33.332,H33.333,H33.339,H33.40,H33.41,H33.42,H33.43,H33.8,H34.00,H34.01,H34.02,H34.03,H34.10,H34.11,H34.12,H34.13,H34.21,H34.211,H34.212,H34.213,H34.219,H34.23,H34.231,H34.232,H34.233,H34.239,H34.81,H34.811,H34.8110,H34.8111,H34.8112,H34.812,H34.8120,H34.8121,H34.8122,H34.813,H34.8130,H34.8131,H34.8132,H34.819,H34.8190,H34.8191,H34.8192,H34.82,H34.821,H34.822,H34.823,H34.829,H34.83,H34.831,H34.8310,H34.8311,H34.8312,H34.832,H34.8320,H34.8321,H34.8322,H34.833,H34.8330,H34.8331,H34.8332,H34.839,H34.8390,H34.8391,H34.8392,H35.00,H35.01,H35.011,H35.012,H35.013,H35.019,H35.02,H35.021,H35.022,H35.023,H35.029,H35.03,H35.031,H35.032,H35.033,H35.039,H35.04,H35.041,H35.042,H35.043,H35.049,H35.05,H35.051,H35.052,H35.053,H35.059,H35.06,H35.061,H35.062,H35.063,H35.069,H35.07,H35.071,H35.072,H35.073,H35.079,H35.09,H35.10,H35.101,H35.102,H35.103,H35.109,H35.11,H35.111,H35.112,H35.113,H35.119,H35.12,H35.121,H35.122,H35.123,H35.129,H35.13,H35.131,H35.132,H35.133,H35.139,H35.14,H35.141,H35.142,H35.143,H35.149,H35.15,H35.151,H35.152,H35.153,H35.159,H35.16,H35.161,H35.162,H35.163,H35.169,H35.17,H35.171,H35.172,H35.173,H35.179,H35.20,H35.21,H35.22,H35.23,H35.30,H35.31,H35.311,H35.3110,H35.3111,H35.3112,H35.3113,H35.3114,H35.312,H35.3120,H35.3121,H35.3122,H35.3123,H35.3124,H35.313,H35.3130,H35.3131,H35.3132,H35.3133,H35.3134,H35.319,H35.3190,H35.3191,H35.3192,H35.3193,H35.3194,H35.32,H35.321,H35.3210,H35.3211,H35.3212,H35.3213,H35.322,H35.3220,H35.3221,H35.3222,H35.3223,H35.323,H35.3230,H35.3231,H35.3232,H35.3233,H35.329,H35.3290,H35.3291,H35.3292,H35.3293,H35.33,H35.34,H35.341,H35.342,H35.343,H35.349,H35.35,H35.351,H35.352,H35.353,H35.359,H35.36,H35.361,H35.362,H35.363,H35.369,H35.37,H35.371,H35.372,H35.373,H35.379,H35.38,H35.381,H35.382,H35.383,H35.389,H35.40,H35.41,H35.411,H35.412,H35.413,H35.419,H35.42,H35.421,H35.422,H35.423,H35.429,H35.43,H35.431,H35.432,H35.433,H35.439,H35.44,H35.441,H35.442,H35.443,H35.449,H35.45,H35.451,H35.452,H35.453,H35.459,H35.46,H35.461,H35.462,H35.463,H35.469,H35.50,H35.51,H35.52,H35.53,H35.54,H35.60,H35.61,H35.62,H35.63,H35.70,H35.71,H35.711,H35.712,H35.713,H35.719,H35.72,H35.721,H35.722,H35.723,H35.729,H35.73,H35.731,H35.732,H35.733,H35.739,H35.81,H35.82,H35.89,H40.00,H40.001,H40.002,H40.003,H40.009,H40.01,H40.011,H40.012,H40.013,H40.019,H40.02,H40.021,H40.022,H40.023,H40.029,H40.03,H40.031,H40.032,H40.033,H40.039,H40.04,H40.041,H40.042,H40.043,H40.049,H40.05,H40.051,H40.052,H40.053,H40.059,H40.06,H40.061,H40.062,H40.063,H40.069,H40.10,H40.10X0,H40.10X1,H40.10X2,H40.10X3,H40.10X4,H40.11,H40.111,H40.1110,H40.1111,H40.1112,H40.1113,H40.1114,H40.112,H40.1120,H40.1121,H40.1122,H40.1123,H40.1124,H40.113,H40.1130,H40.1131,H40.1132,H40.1133,H40.1134,H40.119,H40.1190,H40.1191,H40.1192,H40.1193,H40.1194,H40.12,H40.121,H40.1210,H40.1211,H40.1212,H40.1213,H40.1214,H40.122,H40.1220,H40.1221,H40.1222,H40.1223,H40.1224,H40.123,H40.1230,H40.1231,H40.1232,H40.1233,H40.1234,H40.129,H40.1290,H40.1291,H40.1292,H40.1293,H40.1294,H40.13,H40.131,H40.1310,H40.1311,H40.1312,H40.1313,H40.1314,H40.132,H40.1320,H40.1321,H40.1322,H40.1323,H40.1324,H40.133,H40.1330,H40.1331,H40.1332,H40.1333,H40.1334,H40.139,H40.1390,H40.1391,H40.1392,H40.1393,H40.1394,H40.14,H40.141,H40.1410,H40.1411,H40.1412,H40.1413,H40.1414,H40.142,H40.1420,H40.1421,H40.1422,H40.1423,H40.1424,H40.143,H40.1430,H40.1431,H40.1432,H40.1433,H40.1434,H40.149,H40.1490,H40.1491,H40.1492,H40.1493,H40.1494,H40.15,H40.151,H40.152,H40.153,H40.159,H40.20,H40.20X0,H40.20X1,H40.20X2,H40.20X3,H40.20X4,H40.21,H40.211,H40.212,H40.213,H40.219,H40.22,H40.221,H40.2210,H40.2211,H40.2212,H40.2213,H40.2214,H40.222,H40.2220,H40.2221,H40.2222,H40.2223,H40.2224,H40.223,H40.2230,H40.2231,H40.2232,H40.2233,H40.2234,H40.229,H40.2290,H40.2291,H40.2292,H40.2293,H40.2294,H40.23,H40.231,H40.232,H40.233,H40.239,H40.24,H40.241,H40.242,H40.243,H40.249,H40.30,H40.30X0,H40.30X1,H40.30X2,H40.30X3,H40.30X4,H40.31,H40.31X0,H40.31X1,H40.31X2,H40.31X3,H40.31X4,H40.32,H40.32X0,H40.32X1,H40.32X2,H40.32X3,H40.32X4,H40.33,H40.33X0,H40.33X1,H40.33X2,H40.33X3,H40.33X4,H40.40,H40.40X0,H40.40X1,H40.40X2,H40.40X3,H40.40X4,H40.41,H40.41X0,H40.41X1,H40.41X2,H40.41X3,H40.41X4,H40.42,H40.42X0,H40.42X1,H40.42X2,H40.42X3,H40.42X4,H40.43,H40.43X0,H40.43X1,H40.43X2,H40.43X3,H40.43X4,H40.50,H40.50X0,H40.50X1,H40.50X2,H40.50X3,H40.50X4,H40.51,H40.51X0,H40.51X1,H40.51X2,H40.51X3,H40.51X4,H40.52,H40.52X0,H40.52X1,H40.52X2,H40.52X3,H40.52X4,H40.53,H40.53X0,H40.53X1,H40.53X2,H40.53X3,H40.53X4,H40.60,H40.60X0,H40.60X1,H40.60X2,H40.60X3,H40.60X4,H40.61,H40.61X0,H40.61X1,H40.61X2,H40.61X3,H40.61X4,H40.62,H40.62X0,H40.62X1,H40.62X2,H40.62X3,H40.62X4,H40.63,H40.63X0,H40.63X1,H40.63X2,H40.63X3,H40.63X4,H40.81,H40.811,H40.812,H40.813,H40.819,H40.82,H40.821,H40.822,H40.823,H40.829,H40.83,H40.831,H40.832,H40.833,H40.839,H40.89,H44.20,H44.21,H44.22,H44.23,H44.2A,H44.2A1,H44.2A2,H44.2A3,H44.2A9,H44.2B,H44.2B1,H44.2B2,H44.2B3,H44.2B9,H44.2C,H44.2C1,H44.2C2,H44.2C3,H44.2C9,H44.2D,H44.2D1,H44.2D2,H44.2D3,H44.2D9,H44.2E,H44.2E1,H44.2E2,H44.2E3,H44.2E9,H44.30,H44.31,H44.311,H44.312,H44.313,H44.319,H44.32,H44.321,H44.322,H44.323,H44.329,H44.39,H44.391,H44.392,H44.393,H44.399,H44.40,H44.41,H44.411,H44.412,H44.413,H44.419,H44.42,H44.421,H44.422,H44.423,H44.429,H44.43,H44.431,H44.432,H44.433,H44.439,H44.44,H44.441,H44.442,H44.443,H44.449,H44.50,H44.51,H44.511,H44.512,H44.513,H44.519,H44.52,H44.521,H44.522,H44.523,H44.529,H44.53,H44.531,H44.532,H44.533,H44.539,H44.81,H44.811,H44.812,H44.813,H44.819,H44.82,H44.821,H44.822,H44.823,H44.829,H44.89,360.0,360.1,360.2,360.21,360.23,360.24,360.29,360.3,360.31,360.32,360.33,360.34,360.4,360.41,360.42,360.43,360.44,360.5,360.6,360.8,360.81,360.89,360.9,361.0,361.01,361.02,361.03,361.04,361.05,361.06,361.07,361.1,361.11,361.12,361.13,361.14,361.19,361.2,361.3,361.31,361.32,361.33,361.8,361.81,361.89,361.9,362.0,362.1,362.11,362.12,362.13,362.14,362.15,362.16,362.17,362.18,362.2,362.21,362.22,362.23,362.24,362.25,362.26,362.27,362.29,362.3,362.31,362.32,362.33,362.34,362.35,362.36,362.37,362.4,362.41,362.42,362.43,362.5,362.51,362.52,362.53,362.54,362.55,362.56,362.57,362.6,362.61,362.62,362.63,362.64,362.65,362.66,362.7,362.71,362.72,362.73,362.74,362.75,362.76,362.77,362.79,362.8,362.81,362.82,362.83,362.84,362.85,362.89,362.9,363.0,363.1,363.2,363.3,363.31,363.32,363.33,363.34,363.35,363.4,363.41,363.42,363.43,363.5,363.51,363.52,363.53,363.54,363.55,363.56,363.57,363.6,363.61,363.62,363.63,363.7,363.71,363.72,363.8,363.9,365.0,365.01,365.02,365.03,365.04,365.05,365.06,365.1,365.11,365.12,365.13,365.14,365.15,365.2,365.21,365.22,365.23,365.24,365.3,365.31,365.32,365.4,365.41,365.42,365.43,365.44,365.5,365.51,365.52,365.59,365.6,365.61,365.62,365.63,365.64,365.65,365.7,365.71,365.72,365.73,365.74,365.8,365.81,365.82,365.83,365.89,365.9,371.0,371.01,371.02,371.03,371.04,371.05,371.1,371.11,371.12,371.13,371.14,371.15,371.16,371.2,371.21,371.22,371.23,371.3,371.31,371.32,371.33,371.4,371.41,371.42,371.43,371.44,371.45,371.46,371.48,371.49,371.5,371.51,371.52,371.53,371.54,371.55,371.56,371.57,371.58,371.6,371.61,371.62,371.7,371.71,371.72,371.73,371.8,371.81,371.82,371.89,371.9,374.53,V42.5"
278.1,Obesity,Both,"E66,E66.0,E66.1,E66.2,E66.8,E66.9,E66.01,E66.09,R93.9,Z68.3,Z68.30,Z68.31,Z68.32,Z68.33,Z68.34,Z68.35,Z68.36,Z68.37,Z68.38,Z68.39,Z68.4,Z68.41,Z68.42,Z68.43,Z68.44,Z68.45,278.0,278.01,793.91,V85.3,V85.30,V85.31,V85.32,V85.33,V85.34,V85.35,V85.36,V85.37,V85.38,V85.39,V85.4,V85.41,V85.42,V85.43,V85.44,V85.45,V85.54","E65,E66,E67,E68,E67.0,E67.1,E67.2,E67.3,E67.8,R63.5,E66.3,Z68.25,Z68.26,Z68.27,Z68.28,Z68.29,278.0,278.02,278.1,278.2,278.3,278.4,278.8,783.1,V85.21,V85.22,V85.23,V85.24,V85.25,V85.53"
290.1,Dementias,Both,"F00,F00.0,F00.1,F00.2,F00.9,F01,F01.0,F01.1,F01.2,F01.3,F01.8,F01.9,F02,F02.0,F02.1,F02.2,F02.3,F02.4,F02.8,F03,G30,G31,G32,G30.0,G30.1,G30.8,G30.9,G31.1,F01.5,F01.50,F01.51,F02.80,F02.81,F03.9,F03.90,F03.91,G31.0,G31.01,G31.09,G31.83,290.0,290.1,290.11,290.12,290.13,290.2,290.21,290.3,290.4,290.41,290.42,290.43,294.1,294.11,294.2,294.21,331.0,331.1,331.11,331.19,331.2,331.82","F05.1,F05.8,F05.9,F06,F06.0,F06.1,F06.2,F06.3,F06.4,F06.5,F06.6,F06.7,F06.8,F06.9,F07.0,F07.1,F07.2,F07.8,F07.9,F09,F10.4,F18.1,F18.2,F18.5,F18.9,F19.0,F19.1,F19.2,F19.3,F19.4,F19.5,F19.8,F19.9,F23,F23.0,F23.1,F23.2,F23.3,F23.8,F23.9,F62.0,G47.1,R40.0,R40.1,R41,R41.0,R41.1,R41.2,R41.3,R41.8,R44.0,R44.2,R44.3,R47.0,R47.1,R47.8,R48.0,R48.1,R48.2,R48.8,R54,F04,F05,F07,F07.81,F07.89,F10.121,F10.221,F10.231,F10.921,F11.121,F11.221,F11.921,F12.121,F12.221,F12.921,F13.121,F13.221,F13.921,F14.121,F14.221,F14.921,F15.121,F15.221,F15.921,F16.121,F16.221,F16.921,F18.121,F18.221,F18.921,F19.121,F19.221,F19.921,F48.2,F53,G31.84,R40.4,R41.4,R41.81,R41.82,R41.840,R41.841,R41.842,R41.843,R41.844,R41.89,R47.01,R47.02,R47.81,R47.82,R47.89,R47.9,R48.9,290.0,290.8,290.9,293.0,293.1,293.8,293.89,293.9,294.0,294.8,294.9,310.0,310.1,310.2,310.8,310.81,310.89,310.9,331.83,780.0,780.02,780.09,780.1,780.93,780.97,781.8,784.3,784.5,784.51,784.52,784.59,784.6,784.61,784.69,797.0,797.9,799.5,799.51,799.52,799.53,799.54,799.55,799.59"
332,Parkinson's disease,Both,"G20,G21.4,332.0,332.1","B22.0,E03.5,E75.0,E75.1,E75.2,E75.4,F02.2,F84.2,G04.1,G10,G11,G12,G13,G14,G11.0,G11.1,G11.2,G11.3,G11.4,G11.8,G11.9,G12.0,G12.1,G12.2,G12.8,G12.9,G13.2,G13.8,G21,G21.0,G21.1,G21.2,G21.3,G21.4,G21.8,G21.9,G23,G23.0,G23.1,G23.2,G23.3,G23.8,G23.9,G24,G24.0,G24.1,G24.2,G24.3,G24.4,G24.5,G24.8,G24.9,G25,G25.0,G25.1,G25.2,G25.3,G25.4,G25.5,G25.6,G25.8,G25.9,G26,G31.0,G31.2,G31.8,G31.9,G32.0,G32.8,G35,G36,G37,G36.0,G36.1,G36.8,G36.9,G37.0,G37.1,G37.2,G37.3,G37.4,G37.5,G37.8,G37.9,G40,G41,G42,G43,G44,G45,G46,G47,G40.0,G40.1,G40.2,G40.3,G40.4,G40.5,G40.6,G40.7,G40.8,G40.9,G41.0,G41.1,G41.2,G41.8,G41.9,G47.4,G80,G81,G82,G83,G80.0,G80.1,G80.2,G80.3,G80.4,G80.8,G80.9,G81.0,G81.1,G81.9,G82.0,G82.1,G82.2,G82.3,G82.4,G82.5,G83.0,G83.1,G83.2,G83.3,G83.4,G83.5,G83.8,G83.9,G90,G91,G92,G93,G94,G95,G96,G97,G98,G99,G90.0,G90.1,G90.2,G90.3,G90.4,G90.8,G90.9,G91.0,G91.1,G91.2,G91.3,G91.8,G91.9,G93.0,G93.1,G93.2,G93.4,G93.5,G93.6,G93.7,G93.8,G93.9,G94.0,G94.1,G94.2,G94.8,G95.0,G95.1,G95.2,G95.8,G95.9,G96.0,G96.1,G96.8,G96.9,G97.8,G99.2,G99.8,R40.2,R56,R56.0,R56.8,R83,R84,R85,R86,R87,R88,R89,R83.0,R83.1,R83.2,R83.3,R83.4,R83.5,R83.6,R83.7,R83.8,R83.9,R93.0,R94.0,R94.1,E75.00,E75.01,E75.02,E75.09,E75.10,E75.11,E75.19,E75.23,E75.25,E75.29,G12.20,G12.21,G12.22,G12.23,G12.29,G21.11,G21.19,G24.01,G24.02,G24.09,G25.61,G25.69,G25.7,G25.70,G25.71,G25.79,G25.82,G25.83,G25.89,G31.81,G31.82,G31.85,G31.89,G32.81,G32.89,G40.00,G40.001,G40.009,G40.01,G40.011,G40.019,G40.101,G40.109,G40.111,G40.119,G40.20,G40.201,G40.209,G40.21,G40.211,G40.219,G40.301,G40.309,G40.311,G40.319,G40.401,G40.409,G40.411,G40.419,G40.50,G40.501,G40.509,G40.801,G40.802,G40.803,G40.804,G40.811,G40.812,G40.813,G40.814,G40.82,G40.821,G40.822,G40.823,G40.824,G40.89,G40.901,G40.909,G40.911,G40.919,G40.A,G40.A0,G40.A01,G40.A09,G40.A1,G40.A11,G40.A19,G40.B,G40.B0,G40.B01,G40.B09,G40.B1,G40.B11,G40.B19,G47.41,G47.411,G47.419,G47.42,G47.421,G47.429,G81.00,G81.01,G81.02,G81.03,G81.04,G81.10,G81.11,G81.12,G81.13,G81.14,G81.90,G81.91,G81.92,G81.93,G81.94,G82.20,G82.21,G82.22,G82.50,G82.51,G82.52,G82.53,G82.54,G83.10,G83.11,G83.12,G83.13,G83.14,G83.20,G83.21,G83.22,G83.23,G83.24,G83.30,G83.31,G83.32,G83.33,G83.34,G83.81,G83.82,G83.83,G83.84,G83.89,G90.01,G90.09,G91.4,G93.40,G93.41,G93.49,G93.81,G93.82,G93.89,G95.11,G95.19,G95.20,G95.29,G95.81,G95.89,G96.11,G96.12,G96.19,G98.0,G98.8,G99.0,I67.83,R29.5,R40.20,R40.21,R40.211,R40.2110,R40.2111,R40.2112,R40.2113,R40.2114,R40.212,R40.2120,R40.2121,R40.2122,R40.2123,R40.2124,R40.213,R40.2130,R40.2131,R40.2132,R40.2133,R40.2134,R40.214,R40.2140,R40.2141,R40.2142,R40.2143,R40.2144,R40.22,R40.221,R40.2210,R40.2211,R40.2212,R40.2213,R40.2214,R40.222,R40.2220,R40.2221,R40.2222,R40.2223,R40.2224,R40.223,R40.2230,R40.2231,R40.2232,R40.2233,R40.2234,R40.224,R40.2240,R40.2241,R40.2242,R40.2243,R40.2244,R40.225,R40.2250,R40.2251,R40.2252,R40.2253,R40.2254,R40.23,R40.231,R40.2310,R40.2311,R40.2312,R40.2313,R40.2314,R40.232,R40.2320,R40.2321,R40.2322,R40.2323,R40.2324,R40.233,R40.2330,R40.2331,R40.2332,R40.2333,R40.2334,R40.234,R40.2340,R40.2341,R40.2342,R40.2343,R40.2344,R40.235,R40.2350,R40.2351,R40.2352,R40.2353,R40.2354,R40.236,R40.2360,R40.2361,R40.2362,R40.2363,R40.2364,R40.24,R40.241,R40.2410,R40.2411,R40.2412,R40.2413,R40.2414,R40.242,R40.2420,R40.2421,R40.2422,R40.2423,R40.2424,R40.243,R40.2430,R40.2431,R40.2432,R40.2433,R40.2434,R40.244,R40.2440,R40.2441,R40.2442,R40.2443,R40.2444,R40.3,R53.2,R56.00,R56.01,R56.1,R56.9,R90.81,R90.82,R94.01,R94.02,R94.09,R94.110,R94.111,R94.112,R94.113,R94.118,R94.121,R94.128,R94.130,R94.131,R94.138,330.0,330.1,330.2,330.3,330.8,330.9,331.0,331.1,331.2,331.3,331.4,331.5,331.6,331.7,331.8,331.81,331.89,331.9,333.0,333.1,333.2,333.21,333.22,333.29,333.3,333.4,333.5,333.6,333.7,333.71,333.72,333.79,333.8,333.81,333.82,333.83,333.84,333.85,333.89,333.9,333.91,333.93,333.99,334.0,334.1,334.2,334.3,334.4,334.8,334.9,335.0,335.1,335.11,335.19,335.2,335.21,335.22,335.23,335.24,335.29,335.8,335.9,336.0,336.1,336.2,336.3,336.8,336.9,337.0,337.01,337.09,337.1,337.3,337.9,340.0,340.9,341.0,341.1,341.8,341.9,342.0,342.01,342.02,342.1,342.11,342.12,342.8,342.81,342.82,342.9,342.91,342.92,343.0,343.01,343.1,343.2,343.3,343.4,343.8,343.81,343.89,343.9,344.0,344.01,344.02,344.03,344.04,344.09,344.1,344.2,344.3,344.31,344.32,344.4,344.41,344.42,344.5,344.6,344.61,344.8,344.81,344.89,344.9,345.0,345.01,345.02,345.09,345.1,345.11,345.12,345.13,345.19,345.2,345.3,345.4,345.41,345.5,345.51,345.52,345.53,345.59,345.6,345.61,345.7,345.71,345.8,345.81,345.9,345.91,347.0,347.01,347.1,347.11,347.9,348.0,348.09,348.1,348.2,348.3,348.31,348.39,348.4,348.5,348.8,348.81,348.82,348.89,348.9,349.0,349.1,349.2,349.3,349.39,349.8,349.81,349.82,349.89,349.9,780.01,780.03,780.3,780.31,780.32,780.33,780.39,780.72,781.4,792.0,793.0,794.0,794.01,794.02,794.09,794.1,794.11,794.12,794.13,794.14,794.16,794.17,794.19"
340,Migraine,Both,"G43,G43.0,G43.1,G43.2,G43.3,G43.8,G43.9,G44.0,G43.00,G43.001,G43.009,G43.01,G43.011,G43.019,G43.10,G43.101,G43.109,G43.11,G43.111,G43.119,G43.4,G43.40,G43.401,G43.409,G43.41,G43.411,G43.419,G43.501,G43.509,G43.511,G43.519,G43.7,G43.70,G43.701,G43.709,G43.71,G43.711,G43.719,G43.80,G43.801,G43.809,G43.81,G43.811,G43.819,G43.82,G43.821,G43.829,G43.83,G43.831,G43.839,G43.90,G43.901,G43.909,G43.91,G43.911,G43.919,G43.A0,G43.A1,G43.B,G43.B0,G43.B1,G43.C,G43.C0,G43.C1,G43.D,G43.D0,G43.D1,G44.00,G44.001,G44.009,G44.01,G44.011,G44.019,G44.02,G44.021,G44.029,G44.03,G44.031,G44.039,G44.04,G44.041,G44.049,339.0,339.01,339.02,339.03,339.04,346.0,346.01,346.02,346.03,346.1,346.11,346.12,346.13,346.2,346.21,346.22,346.23,346.3,346.31,346.32,346.33,346.4,346.41,346.42,346.43,346.5,346.51,346.52,346.53,346.7,346.71,346.72,346.73,346.8,346.81,346.82,346.83,346.9,346.91,346.92,346.93","G44,G44.1,G44.2,G44.3,G44.4,G44.8,R51,G44.051,G44.059,G44.091,G44.099,G44.201,G44.21,G44.211,G44.219,G44.22,G44.221,G44.229,G44.30,G44.301,G44.309,G44.31,G44.311,G44.319,G44.32,G44.321,G44.329,G44.40,G44.41,G44.5,G44.51,G44.52,G44.53,G44.59,G44.81,G44.82,G44.83,G44.84,G44.85,G44.89,339.0,339.05,339.09,339.1,339.11,339.12,339.2,339.21,339.22,339.3,339.4,339.41,339.42,339.43,339.44,339.8,339.81,339.82,339.83,339.84,339.85,339.89"
365,Glaucoma,Both,"H40,H41,H42,H40.0,H40.1,H40.2,H40.3,H40.4,H40.5,H40.6,H40.8,H40.9,H42.0,H42.8,H40.00,H40.001,H40.002,H40.003,H40.009,H40.01,H40.011,H40.012,H40.013,H40.019,H40.02,H40.021,H40.022,H40.023,H40.029,H40.03,H40.031,H40.032,H40.033,H40.039,H40.04,H40.041,H40.042,H40.043,H40.049,H40.05,H40.051,H40.052,H40.053,H40.059,H40.06,H40.061,H40.062,H40.063,H40.069,H40.10,H40.10X0,H40.10X1,H40.10X2,H40.10X3,H40.10X4,H40.11,H40.111,H40.1110,H40.1111,H40.1112,H40.1113,H40.1114,H40.112,H40.1120,H40.1121,H40.1122,H40.1123,H40.1124,H40.113,H40.1130,H40.1131,H40.1132,H40.1133,H40.1134,H40.119,H40.1190,H40.1191,H40.1192,H40.1193,H40.1194,H40.12,H40.121,H40.1210,H40.1211,H40.1212,H40.1213,H40.1214,H40.122,H40.1220,H40.1221,H40.1222,H40.1223,H40.1224,H40.123,H40.1230,H40.1231,H40.1232,H40.1233,H40.1234,H40.129,H40.1290,H40.1291,H40.1292,H40.1293,H40.1294,H40.13,H40.131,H40.1310,H40.1311,H40.1312,H40.1313,H40.1314,H40.132,H40.1320,H40.1321,H40.1322,H40.1323,H40.1324,H40.133,H40.1330,H40.1331,H40.1332,H40.1333,H40.1334,H40.139,H40.1390,H40.1391,H40.1392,H40.1393,H40.1394,H40.14,H40.141,H40.1410,H40.1411,H40.1412,H40.1413,H40.1414,H40.142,H40.1420,H40.1421,H40.1422,H40.1423,H40.1424,H40.143,H40.1430,H40.1431,H40.1432,H40.1433,H40.1434,H40.149,H40.1490,H40.1491,H40.1492,H40.1493,H40.1494,H40.15,H40.151,H40.152,H40.153,H40.159,H40.20,H40.20X0,H40.20X1,H40.20X2,H40.20X3,H40.20X4,H40.21,H40.211,H40.212,H40.213,H40.219,H40.22,H40.221,H40.2210,H40.2211,H40.2212,H40.2213,H40.2214,H40.222,H40.2220,H40.2221,H40.2222,H40.2223,H40.2224,H40.223,H40.2230,H40.2231,H40.2232,H40.2233,H40.2234,H40.229,H40.2290,H40.2291,H40.2292,H40.2293,H40.2294,H40.23,H40.231,H40.232,H40.233,H40.239,H40.24,H40.241,H40.242,H40.243,H40.249,H40.30,H40.30X0,H40.30X1,H40.30X2,H40.30X3,H40.30X4,H40.31,H40.31X0,H40.31X1,H40.31X2,H40.31X3,H40.31X4,H40.32,H40.32X0,H40.32X1,H40.32X2,H40.32X3,H40.32X4,H40.33,H40.33X0,H40.33X1,H40.33X2,H40.33X3,H40.33X4,H40.40,H40.40X0,H40.40X1,H40.40X2,H40.40X3,H40.40X4,H40.41,H40.41X0,H40.41X1,H40.41X2,H40.41X3,H40.41X4,H40.42,H40.42X0,H40.42X1,H40.42X2,H40.42X3,H40.42X4,H40.43,H40.43X0,H40.43X1,H40.43X2,H40.43X3,H40.43X4,H40.50,H40.50X0,H40.50X1,H40.50X2,H40.50X3,H40.50X4,H40.51,H40.51X0,H40.51X1,H40.51X2,H40.51X3,H40.51X4,H40.52,H40.52X0,H40.52X1,H40.52X2,H40.52X3,H40.52X4,H40.53,H40.53X0,H40.53X1,H40.53X2,H40.53X3,H40.53X4,H40.60,H40.60X0,H40.60X1,H40.60X2,H40.60X3,H40.60X4,H40.61,H40.61X0,H40.61X1,H40.61X2,H40.61X3,H40.61X4,H40.62,H40.62X0,H40.62X1,H40.62X2,H40.62X3,H40.62X4,H40.63,H40.63X0,H40.63X1,H40.63X2,H40.63X3,H40.63X4,H40.81,H40.811,H40.812,H40.813,H40.819,H40.82,H40.821,H40.822,H40.823,H40.829,H40.83,H40.831,H40.832,H40.833,H40.839,H40.89,365.0,365.01,365.02,365.03,365.04,365.05,365.06,365.1,365.11,365.12,365.13,365.14,365.15,365.2,365.21,365.22,365.23,365.24,365.3,365.31,365.32,365.4,365.41,365.42,365.43,365.44,365.5,365.51,365.52,365.59,365.6,365.61,365.62,365.63,365.64,365.65,365.7,365.71,365.72,365.73,365.74,365.8,365.81,365.82,365.83,365.89,365.9","G45.3,H17,H17.0,H17.1,H17.8,H17.9,H18,H18.0,H18.1,H18.2,H18.3,H18.4,H18.5,H18.6,H18.7,H18.8,H18.9,H19.2,H31,H31.0,H31.1,H31.2,H31.3,H31.4,H31.8,H31.9,H32,H32.0,H32.8,H33,H33.0,H33.1,H33.2,H33.3,H33.4,H33.5,H34,H34.0,H34.1,H34.2,H34.8,H34.9,H35,H35.0,H35.1,H35.2,H35.3,H35.4,H35.5,H35.6,H35.7,H35.8,H35.9,H36,H36.0,H36.8,H44,H44.0,H44.1,H44.2,H44.3,H44.4,H44.5,H44.6,H44.7,H44.8,H44.9,Z94.7,H02.73,H02.731,H02.732,H02.733,H02.734,H02.735,H02.736,H02.739,H17.00,H17.01,H17.02,H17.03,H17.10,H17.11,H17.12,H17.13,H17.81,H17.811,H17.812,H17.813,H17.819,H17.82,H17.821,H17.822,H17.823,H17.829,H17.89,H18.00,H18.001,H18.002,H18.003,H18.009,H18.01,H18.011,H18.012,H18.013,H18.019,H18.02,H18.021,H18.022,H18.023,H18.029,H18.03,H18.031,H18.032,H18.033,H18.039,H18.04,H18.041,H18.042,H18.043,H18.049,H18.05,H18.051,H18.052,H18.053,H18.059,H18.06,H18.061,H18.062,H18.063,H18.069,H18.10,H18.11,H18.12,H18.13,H18.20,H18.21,H18.211,H18.212,H18.213,H18.219,H18.22,H18.221,H18.222,H18.223,H18.229,H18.23,H18.231,H18.232,H18.233,H18.239,H18.30,H18.31,H18.311,H18.312,H18.313,H18.319,H18.32,H18.321,H18.322,H18.323,H18.329,H18.33,H18.331,H18.332,H18.333,H18.339,H18.40,H18.41,H18.411,H18.412,H18.413,H18.419,H18.42,H18.421,H18.422,H18.423,H18.429,H18.43,H18.44,H18.441,H18.442,H18.443,H18.449,H18.45,H18.451,H18.452,H18.453,H18.459,H18.46,H18.461,H18.462,H18.463,H18.469,H18.49,H18.50,H18.51,H18.52,H18.53,H18.54,H18.55,H18.59,H18.60,H18.601,H18.602,H18.603,H18.609,H18.61,H18.611,H18.612,H18.613,H18.619,H18.62,H18.621,H18.622,H18.623,H18.629,H18.70,H18.71,H18.711,H18.712,H18.713,H18.719,H18.72,H18.721,H18.722,H18.723,H18.729,H18.73,H18.731,H18.732,H18.733,H18.739,H18.79,H18.791,H18.792,H18.793,H18.799,H18.81,H18.811,H18.812,H18.813,H18.819,H18.82,H18.821,H18.822,H18.823,H18.829,H18.83,H18.831,H18.832,H18.833,H18.839,H18.89,H18.891,H18.892,H18.893,H18.899,H31.00,H31.001,H31.002,H31.003,H31.009,H31.01,H31.011,H31.012,H31.013,H31.019,H31.02,H31.021,H31.022,H31.023,H31.029,H31.09,H31.091,H31.092,H31.093,H31.099,H31.10,H31.101,H31.102,H31.103,H31.109,H31.11,H31.111,H31.112,H31.113,H31.119,H31.12,H31.121,H31.122,H31.123,H31.129,H31.20,H31.21,H31.22,H31.23,H31.29,H31.30,H31.301,H31.302,H31.303,H31.309,H31.31,H31.311,H31.312,H31.313,H31.319,H31.32,H31.321,H31.322,H31.323,H31.329,H31.40,H31.401,H31.402,H31.403,H31.409,H31.41,H31.411,H31.412,H31.413,H31.419,H31.42,H31.421,H31.422,H31.423,H31.429,H33.00,H33.001,H33.002,H33.003,H33.009,H33.01,H33.011,H33.012,H33.013,H33.019,H33.02,H33.021,H33.022,H33.023,H33.029,H33.03,H33.031,H33.032,H33.033,H33.039,H33.04,H33.041,H33.042,H33.043,H33.049,H33.05,H33.051,H33.052,H33.053,H33.059,H33.10,H33.101,H33.102,H33.103,H33.109,H33.11,H33.111,H33.112,H33.113,H33.119,H33.19,H33.191,H33.192,H33.193,H33.199,H33.20,H33.21,H33.22,H33.23,H33.30,H33.301,H33.302,H33.303,H33.309,H33.31,H33.311,H33.312,H33.313,H33.319,H33.32,H33.321,H33.322,H33.323,H33.329,H33.33,H33.331,H33.332,H33.333,H33.339,H33.40,H33.41,H33.42,H33.43,H33.8,H34.00,H34.01,H34.02,H34.03,H34.10,H34.11,H34.12,H34.13,H34.21,H34.211,H34.212,H34.213,H34.219,H34.23,H34.231,H34.232,H34.233,H34.239,H34.81,H34.811,H34.8110,H34.8111,H34.8112,H34.812,H34.8120,H34.8121,H34.8122,H34.813,H34.8130,H34.8131,H34.8132,H34.819,H34.8190,H34.8191,H34.8192,H34.82,H34.821,H34.822,H34.823,H34.829,H34.83,H34.831,H34.8310,H34.8311,H34.8312,H34.832,H34.8320,H34.8321,H34.8322,H34.833,H34.8330,H34.8331,H34.8332,H34.839,H34.8390,H34.8391,H34.8392,H35.00,H35.01,H35.011,H35.012,H35.013,H35.019,H35.02,H35.021,H35.022,H35.023,H35.029,H35.03,H35.031,H35.032,H35.033,H35.039,H35.04,H35.041,H35.042,H35.043,H35.049,H35.05,H35.051,H35.052,H35.053,H35.059,H35.06,H35.061,H35.062,H35.063,H35.069,H35.07,H35.071,H35.072,H35.073,H35.079,H35.09,H35.10,H35.101,H35.102,H35.103,H35.109,H35.11,H35.111,H35.112,H35.113,H35.119,H35.12,H35.121,H35.122,H35.123,H35.129,H35.13,H35.131,H35.132,H35.133,H35.139,H35.14,H35.141,H35.142,H35.143,H35.149,H35.15,H35.151,H35.152,H35.153,H35.159,H35.16,H35.161,H35.162,H35.163,H35.169,H35.17,H35.171,H35.172,H35.173,H35.179,H35.20,H35.21,H35.22,H35.23,H35.30,H35.31,H35.311,H35.3110,H35.3111,H35.3112,H35.3113,H35.3114,H35.312,H35.3120,H35.3121,H35.3122,H35.3123,H35.3124,H35.313,H35.3130,H35.3131,H35.3132,H35.3133,H35.3134,H35.319,H35.3190,H35.3191,H35.3192,H35.3193,H35.3194,H35.32,H35.321,H35.3210,H35.3211,H35.3212,H35.3213,H35.322,H35.3220,H35.3221,H35.3222,H35.3223,H35.323,H35.3230,H35.3231,H35.3232,H35.3233,H35.329,H35.3290,H35.3291,H35.3292,H35.3293,H35.33,H35.34,H35.341,H35.342,H35.343,H35.349,H35.35,H35.351,H35.352,H35.353,H35.359,H35.36,H35.361,H35.362,H35.363,H35.369,H35.37,H35.371,H35.372,H35.373,H35.379,H35.38,H35.381,H35.382,H35.383,H35.389,H35.40,H35.41,H35.411,H35.412,H35.413,H35.419,H35.42,H35.421,H35.422,H35.423,H35.429,H35.43,H35.431,H35.432,H35.433,H35.439,H35.44,H35.441,H35.442,H35.443,H35.449,H35.45,H35.451,H35.452,H35.453,H35.459,H35.46,H35.461,H35.462,H35.463,H35.469,H35.50,H35.51,H35.52,H35.53,H35.54,H35.60,H35.61,H35.62,H35.63,H35.70,H35.71,H35.711,H35.712,H35.713,H35.719,H35.72,H35.721,H35.722,H35.723,H35.729,H35.73,H35.731,H35.732,H35.733,H35.739,H35.81,H35.82,H35.89,H44.20,H44.21,H44.22,H44.23,H44.2A,H44.2A1,H44.2A2,H44.2A3,H44.2A9,H44.2B,H44.2B1,H44.2B2,H44.2B3,H44.2B9,H44.2C,H44.2C1,H44.2C2,H44.2C3,H44.2C9,H44.2D,H44.2D1,H44.2D2,H44.2D3,H44.2D9,H44.2E,H44.2E1,H44.2E2,H44.2E3,H44.2E9,H44.30,H44.31,H44.311,H44.312,H44.313,H44.319,H44.32,H44.321,H44.322,H44.323,H44.329,H44.39,H44.391,H44.392,H44.393,H44.399,H44.40,H44.41,H44.411,H44.412,H44.413,H44.419,H44.42,H44.421,H44.422,H44.423,H44.429,H44.43,H44.431,H44.432,H44.433,H44.439,H44.44,H44.441,H44.442,H44.443,H44.449,H44.50,H44.51,H44.511,H44.512,H44.513,H44.519,H44.52,H44.521,H44.522,H44.523,H44.529,H44.53,H44.531,H44.532,H44.533,H44.539,H44.81,H44.811,H44.812,H44.813,H44.819,H44.82,H44.821,H44.822,H44.823,H44.829,H44.89,360.0,360.1,360.2,360.21,360.23,360.24,360.29,360.3,360.31,360.32,360.33,360.34,360.4,360.41,360.42,360.43,360.44,360.5,360.6,360.8,360.81,360.89,360.9,361.0,361.01,361.02,361.03,361.04,361.05,361.06,361.07,361.1,361.11,361.12,361.13,361.14,361.19,361.2,361.3,361.31,361.32,361.33,361.8,361.81,361.89,361.9,362.0,362.1,362.11,362.12,362.13,362.14,362.15,362.16,362.17,362.18,362.2,362.21,362.22,362.23,362.24,362.25,362.26,362.27,362.29,362.3,362.31,362.32,362.33,362.34,362.35,362.36,362.37,362.4,362.41,362.42,362.43,362.5,362.51,362.52,362.53,362.54,362.55,362.56,362.57,362.6,362.61,362.62,362.63,362.64,362.65,362.66,362.7,362.71,362.72,362.73,362.74,362.75,362.76,362.77,362.79,362.8,362.81,362.82,362.83,362.84,362.85,362.89,362.9,363.0,363.1,363.2,363.3,363.31,363.32,363.33,363.34,363.35,363.4,363.41,363.42,363.43,363.5,363.51,363.52,363.53,363.54,363.55,363.56,363.57,363.6,363.61,363.62,363.63,363.7,363.71,363.72,363.8,363.9,371.0,371.01,371.02,371.03,371.04,371.05,371.1,371.11,371.12,371.13,371.14,371.15,371.16,371.2,371.21,371.22,371.23,371.3,371.31,371.32,371.33,371.4,371.41,371.42,371.43,371.44,371.45,371.46,371.48,371.49,371.5,371.51,371.52,371.53,371.54,371.55,371.56,371.57,371.58,371.6,371.61,371.62,371.7,371.71,371.72,371.73,371.8,371.81,371.82,371.89,371.9,374.53,V42.5"
367.9,Blindness and low vision,Both,"H54,H54.0,H54.1,H54.2,H54.3,H54.4,H54.5,H54.6,H54.7,H54.9,H54.0X,H54.0X3,H54.0X33,H54.0X34,H54.0X35,H54.0X4,H54.0X43,H54.0X44,H54.0X45,H54.0X5,H54.0X53,H54.0X54,H54.0X55,H54.10,H54.11,H54.113,H54.1131,H54.1132,H54.114,H54.1141,H54.1142,H54.115,H54.1151,H54.1152,H54.12,H54.121,H54.1213,H54.1214,H54.1215,H54.122,H54.1223,H54.1224,H54.1225,H54.2X,H54.2X1,H54.2X11,H54.2X12,H54.2X2,H54.2X21,H54.2X22,H54.40,H54.41,H54.413,H54.413A,H54.414,H54.414A,H54.415,H54.415A,H54.42,H54.42A,H54.42A3,H54.42A4,H54.42A5,H54.50,H54.51,H54.511,H54.511A,H54.512A,H54.52,H54.52A,H54.52A1,H54.52A2,H54.60,H54.61,H54.62,H54.8,369.0,369.01,369.02,369.03,369.04,369.05,369.06,369.07,369.08,369.1,369.11,369.12,369.13,369.14,369.15,369.16,369.17,369.18,369.2,369.21,369.22,369.23,369.24,369.25,369.3,369.4,369.6,369.61,369.62,369.63,369.64,369.65,369.66,369.67,369.68,369.69,369.7,369.71,369.72,369.73,369.74,369.75,369.76,369.8,369.9","H52,H52.0,H52.1,H52.2,H52.3,H52.4,H52.5,H52.6,H52.7,Z97.3,H52.00,H52.01,H52.02,H52.03,H52.10,H52.11,H52.12,H52.13,H52.20,H52.201,H52.202,H52.203,H52.209,H52.21,H52.211,H52.212,H52.213,H52.219,H52.22,H52.221,H52.222,H52.223,H52.229,367.0,367.1,367.2,367.21,367.22,367.3,367.4,367.5,367.8,367.89,367.9,V41.0"
401.1,Essential hypertension,Both,"I10,401.0,401.1,401.9","I11,I11.0,I11.9,I12,I12.0,I12.9,I13,I13.0,I13.1,I13.2,I13.9,I15,I15.0,I15.1,I15.2,I15.8,I15.9,I67.4,R03.0,I13.10,I13.11,I16,I16.0,I16.1,I16.9,I97.3,N26.2,402.0,402.01,402.1,402.11,402.9,402.91,403.0,403.01,403.1,403.11,403.9,403.91,404.0,404.01,404.02,404.03,404.1,404.11,404.12,404.13,404.9,404.91,404.92,404.93,405.0,405.01,405.09,405.1,405.11,405.19,405.9,405.91,405.99,437.2,997.91"
411.2,Myocardial infarction,Both,"I21,I21.0,I21.1,I21.2,I21.3,I21.4,I21.9,I21.X,I22,I22.0,I22.1,I22.8,I22.9,I23,I23.0,I23.1,I23.2,I23.3,I23.4,I23.5,I23.6,I23.8,I24.1,I25.2,I51.0,I51.3,I21.01,I21.02,I21.09,I21.11,I21.19,I21.21,I21.29,I21.A,I21.A1,I21.A9,I22.2,I23.7,410.0,410.01,410.02,410.1,410.11,410.12,410.2,410.21,410.22,410.3,410.31,410.32,410.4,410.41,410.42,410.5,410.51,410.52,410.6,410.61,410.62,410.7,410.71,410.72,410.8,410.81,410.82,410.9,410.91,410.92,411.0,412.0,412.9,429.7,429.71,429.79","I20,I21,I22,I23,I24,I25,I20.0,I20.1,I20.8,I20.9,I24.0,I24.8,I24.9,I25.0,I25.1,I25.3,I25.4,I25.5,I25.6,I25.8,I25.9,I34.1,I46.1,I51.1,I51.2,I51.5,I51.8,I51.9,I52,I52.0,I52.1,I52.8,Z95.1,Z95.5,B33.2,I23.4,I23.5,I25.10,I25.110,I25.111,I25.118,I25.119,I25.41,I25.42,I25.700,I25.701,I25.708,I25.709,I25.710,I25.711,I25.718,I25.719,I25.720,I25.721,I25.728,I25.729,I25.730,I25.731,I25.738,I25.739,I25.750,I25.751,I25.758,I25.759,I25.760,I25.761,I25.768,I25.769,I25.790,I25.791,I25.798,I25.799,I25.810,I25.82,I25.83,I25.84,I25.89,I51.89,Z98.6,Z98.61,Z98.62,411.0,411.1,411.8,411.81,411.89,411.9,413.0,413.1,413.9,414.0,414.01,414.02,414.03,414.04,414.05,414.1,414.11,414.12,414.19,414.2,414.3,414.4,414.8,414.9,429.0,429.1,429.2,429.3,429.4,429.5,429.6,429.8,429.81,429.82,429.89,429.9,996.03,V45.81,V45.82"
411.3,Angina pectoris,Both,"I20,I20.0,I20.1,I20.8,I20.9,I25.111,I25.118,I25.119,I25.701,I25.708,I25.709,I25.711,I25.718,I25.719,I25.721,I25.728,I25.729,I25.731,I25.738,I25.739,I25.751,I25.758,I25.759,I25.761,I25.768,I25.769,I25.791,I25.798,I25.799,413.0,413.1,413.9","I21,I21.0,I21.1,I21.2,I21.3,I21.4,I21.9,I21.X,I22,I22.0,I22.1,I22.8,I22.9,I23,I23.0,I23.1,I23.2,I23.3,I23.4,I23.5,I23.6,I23.8,I24,I24.0,I24.1,I24.8,I24.9,I25,I25.0,I25.1,I25.2,I25.3,I25.4,I25.5,I25.6,I25.8,I25.9,I34.1,I46.1,I51.0,I51.1,I51.2,I51.3,I51.5,I51.8,I51.9,I52,I52.0,I52.1,I52.8,Z95.1,Z95.5,B33.2,I20.0,I21.01,I21.02,I21.09,I21.11,I21.19,I21.21,I21.29,I21.A,I21.A1,I21.A9,I22.2,I23.7,I25.10,I25.110,I25.41,I25.42,I25.700,I25.710,I25.720,I25.730,I25.750,I25.760,I25.790,I25.810,I25.82,I25.83,I25.84,I25.89,I51.89,Z98.6,Z98.61,Z98.62,410.0,410.01,410.02,410.1,410.11,410.12,410.2,410.21,410.22,410.3,410.31,410.32,410.4,410.41,410.42,410.5,410.51,410.52,410.6,410.61,410.62,410.7,410.71,410.72,410.8,410.81,410.82,410.9,410.91,410.92,411.0,411.1,411.8,411.81,411.89,411.9,412.0,412.9,414.0,414.01,414.02,414.03,414.04,414.05,414.1,414.11,414.12,414.19,414.2,414.3,414.4,414.8,414.9,429.0,429.1,429.2,429.3,429.4,429.5,429.6,429.7,429.71,429.79,429.8,429.81,429.82,429.89,429.9,996.03,V45.81,V45.82"
411.4,Coronary atherosclerosis,Both,"I24.0,I25.1,I25.3,I25.4,I34.1,Z95.1,Z95.5,I25.10,I25.110,I25.111,I25.118,I25.119,I25.41,I25.42,I25.700,I25.701,I25.708,I25.709,I25.710,I25.711,I25.718,I25.719,I25.720,I25.721,I25.728,I25.729,I25.730,I25.731,I25.738,I25.739,I25.790,I25.791,I25.798,I25.799,I25.810,I25.82,I25.83,I25.84,Z98.6,Z98.61,Z98.62,411.81,414.0,414.01,414.02,414.03,414.04,414.05,414.1,414.11,414.12,414.19,414.2,414.3,414.4,996.03,V45.81,V45.82","I20,I21,I22,I23,I24,I25,I20.0,I20.1,I20.8,I20.9,I21.0,I21.1,I21.2,I21.3,I21.4,I21.9,I21.X,I22.0,I22.1,I22.8,I22.9,I23.0,I23.1,I23.2,I23.3,I23.4,I23.5,I23.6,I23.8,I24.1,I24.8,I24.9,I25.0,I25.2,I25.5,I25.6,I25.8,I25.9,I46.1,I51.0,I51.1,I51.2,I51.3,I51.5,I51.8,I51.9,I52,I52.0,I52.1,I52.8,B33.2,I21.01,I21.02,I21.09,I21.11,I21.19,I21.21,I21.29,I21.A,I21.A1,I21.A9,I22.2,I23.7,I25.750,I25.751,I25.758,I25.759,I25.760,I25.761,I25.768,I25.769,I25.89,I51.89,410.0,410.01,410.02,410.1,410.11,410.12,410.2,410.21,410.22,410.3,410.31,410.32,410.4,410.41,410.42,410.5,410.51,410.52,410.6,410.61,410.62,410.7,410.71,410.72,410.8,410.81,410.82,410.9,410.91,410.92,411.0,411.1,411.8,411.89,411.9,412.0,412.9,413.0,413.1,413.9,414.0,414.8,414.9,429.0,429.1,429.2,429.3,429.4,429.5,429.6,429.7,429.71,429.79,429.8,429.81,429.82,429.89,429.9"
415.2,Chronic pulmonary heart disease,Both,"I27.0,I27.1,I27.8,I27.9,I27.2,I27.20,I27.21,I27.22,I27.23,I27.24,I27.29,I27.81,I27.82,I27.89,416.0,416.1,416.2,416.8,416.9","I26,I27,I28,I26.0,I26.9,I28.0,I28.1,I28.8,I28.9,I51.7,I26.01,I26.02,I26.09,I26.90,I26.92,I26.99,Z86.711,415.0,415.1,415.12,415.13,415.19,417.0,417.1,417.8,417.9,429.3,V12.55"
426.9,Cardiac pacemaker/device in situ,Both,"Z95.0,Z95.9,Z95.810,996.01,996.04,V45.0,V45.00,V45.01,V45.02,V45.09,V53.3,V53.31,V53.32,V53.39","I44.0,I44.1,I44.2,I44.3,I44.4,I44.5,I44.6,I44.7,I45.0,I45.1,I45.2,I45.3,I45.4,I45.5,I45.6,I45.8,I45.9,I46,I46.0,I46.1,I46.9,I47,I47.0,I47.1,I47.2,I47.9,I48,I48.0,I48.1,I48.2,I48.3,I48.4,I48.9,I49.0,I49.1,I49.2,I49.3,I49.4,I49.5,I49.8,I49.9,R00.0,R00.1,R00.2,I44.30,I44.39,I44.60,I44.69,I45.10,I45.19,I45.81,I45.89,I46.2,I46.8,I48.91,I48.92,I49.01,I49.02,I49.40,I49.49,R94.31,Z86.74,426.0,426.1,426.11,426.12,426.13,426.2,426.3,426.4,426.5,426.51,426.52,426.53,426.54,426.6,426.7,426.8,426.81,426.82,426.89,426.9,427.0,427.1,427.2,427.3,427.31,427.32,427.4,427.41,427.42,427.5,427.6,427.61,427.69,427.8,427.81,427.89,427.9,785.0,785.1,794.31,V12.53"
427.2,Atrial fibrillation and flutter,Both,"I48,I48.0,I48.1,I48.2,I48.3,I48.4,I48.9,I48.91,I48.92,427.3,427.31,427.32","I44.0,I44.1,I44.2,I44.3,I44.4,I44.5,I44.6,I44.7,I45.0,I45.1,I45.2,I45.3,I45.4,I45.5,I45.6,I45.8,I45.9,I46,I46.0,I46.1,I46.9,I47,I47.0,I47.1,I47.2,I47.9,I49.0,I49.1,I49.2,I49.3,I49.4,I49.5,I49.8,I49.9,R00.0,R00.1,R00.2,Z95.0,Z95.9,I44.30,I44.39,I44.60,I44.69,I45.10,I45.19,I45.81,I45.89,I46.2,I46.8,I49.01,I49.02,I49.40,I49.49,R94.31,Z86.74,Z95.810,426.0,426.1,426.11,426.12,426.13,426.2,426.3,426.4,426.5,426.51,426.52,426.53,426.54,426.6,426.7,426.8,426.81,426.82,426.89,426.9,427.0,427.1,427.2,427.4,427.41,427.42,427.5,427.6,427.61,427.69,427.8,427.81,427.89,427.9,785.0,785.1,794.31,996.01,996.04,V12.53,V45.0,V45.00,V45.01,V45.02,V45.09,V53.3,V53.31,V53.32,V53.39"
427.42,Cardiac arrest,Both,"I46,I46.0,I46.1,I46.9,I46.2,I46.8,Z86.74,427.5,V12.53","I44.0,I44.1,I44.2,I44.3,I44.4,I44.5,I44.6,I44.7,I45.0,I45.1,I45.2,I45.3,I45.4,I45.5,I45.6,I45.8,I45.9,I47,I47.0,I47.1,I47.2,I47.9,I48,I48.0,I48.1,I48.2,I48.3,I48.4,I48.9,I49.0,I49.1,I49.2,I49.3,I49.4,I49.5,I49.8,I49.9,R00.0,R00.1,R00.2,Z95.0,Z95.9,I44.30,I44.39,I44.60,I44.69,I45.10,I45.19,I45.81,I45.89,I48.91,I48.92,I49.01,I49.02,I49.40,I49.49,R94.31,Z95.810,426.0,426.1,426.11,426.12,426.13,426.2,426.3,426.4,426.5,426.51,426.52,426.53,426.54,426.6,426.7,426.8,426.81,426.82,426.89,426.9,427.0,427.1,427.2,427.3,427.31,427.32,427.4,427.41,427.42,427.6,427.61,427.69,427.8,427.81,427.89,427.9,785.0,785.1,794.31,996.01,996.04,V45.0,V45.00,V45.01,V45.02,V45.09,V53.3,V53.31,V53.32,V53.39"
428.2,Heart failure NOS,Both,"I50,I50.0,I50.1,I50.9,I50.8,I50.81,I50.810,I50.811,I50.812,I50.813,I50.814,I50.82,I50.83,I50.84,I50.89,428.1,428.9","I97.0,R09.8,R94.3,T86.3,Z94.1,Z94.3,I09.81,I25.750,I25.751,I25.758,I25.759,I25.760,I25.761,I25.768,I25.769,I25.811,I25.812,I50.2,I50.20,I50.21,I50.22,I50.23,I50.3,I50.30,I50.31,I50.32,I50.33,I50.4,I50.40,I50.41,I50.42,I50.43,I50.9,I97.110,I97.111,I97.120,I97.121,I97.130,I97.131,I97.190,I97.191,I97.7,I97.71,I97.710,I97.711,I97.79,I97.790,I97.791,I97.88,I97.89,R00,R09.89,R94.30,R94.39,T86.2,T86.20,T86.21,T86.22,T86.23,T86.29,T86.290,T86.298,T86.30,T86.31,T86.32,T86.33,T86.39,Z95.811,Z95.812,Z95.818,398.91,414.06,414.07,428.0,428.2,428.21,428.22,428.23,428.3,428.31,428.32,428.33,428.4,428.41,428.42,428.43,429.4,429.81,429.82,785.0,785.1,785.2,785.3,785.4,785.5,785.6,785.9,794.3,794.39,996.83,997.1,V15.1,V42.1,V43.2,V43.21,V43.22"
433.2,Occlusion of cerebral arteries,Both,"I63,I63.0,I63.1,I63.2,I63.3,I63.4,I63.5,I63.6,I63.8,I63.9,I64,I66,I66.0,I66.1,I66.2,I66.3,I66.4,I66.8,I66.9,I67.6,I63.30,I63.31,I63.311,I63.312,I63.313,I63.319,I63.32,I63.321,I63.322,I63.323,I63.329,I63.33,I63.331,I63.332,I63.333,I63.339,I63.34,I63.341,I63.342,I63.343,I63.349,I63.39,I63.40,I63.41,I63.411,I63.412,I63.413,I63.419,I63.42,I63.421,I63.422,I63.423,I63.429,I63.43,I63.431,I63.432,I63.433,I63.439,I63.44,I63.441,I63.442,I63.443,I63.449,I63.49,I63.50,I63.51,I63.511,I63.512,I63.513,I63.519,I63.52,I63.521,I63.522,I63.523,I63.529,I63.53,I63.531,I63.532,I63.533,I63.539,I63.54,I63.541,I63.542,I63.543,I63.549,I63.59,I66.01,I66.02,I66.03,I66.09,I66.11,I66.12,I66.13,I66.19,I66.21,I66.22,I66.23,I66.29,434.0,434.01,434.1,434.11,434.9,434.91,437.6","G45.0,G45.1,G45.2,G45.4,G45.8,G45.9,G46.0,G46.1,G46.2,G46.3,G46.4,G46.5,G46.6,G46.7,G46.8,I60,I61,I62,I63,I64,I65,I66,I67,I68,I69,I60.0,I60.1,I60.2,I60.3,I60.4,I60.5,I60.6,I60.7,I60.8,I60.9,I61.0,I61.1,I61.2,I61.3,I61.4,I61.5,I61.6,I61.8,I61.9,I62.0,I62.1,I62.9,I65.0,I65.1,I65.2,I65.3,I65.8,I65.9,I67.0,I67.1,I67.2,I67.3,I67.4,I67.5,I67.7,I67.8,I67.9,I68.0,I68.1,I68.2,I68.8,I69.0,I69.1,I69.2,I69.3,I69.4,I69.8,S06.4,S06.40,S06.41,G43.6,G43.60,G43.601,G43.609,G43.61,G43.611,G43.619,I60.00,I60.01,I60.02,I60.10,I60.11,I60.12,I60.30,I60.31,I60.32,I60.50,I60.51,I60.52,I62.00,I62.01,I62.02,I62.03,I63.00,I63.01,I63.011,I63.012,I63.019,I63.02,I63.03,I63.031,I63.032,I63.039,I63.09,I63.1,I63.10,I63.11,I63.111,I63.112,I63.113,I63.119,I63.12,I63.13,I63.131,I63.132,I63.133,I63.139,I63.19,I63.2,I63.20,I63.21,I63.211,I63.212,I63.213,I63.219,I63.22,I63.23,I63.231,I63.232,I63.233,I63.239,I63.29,I65.01,I65.02,I65.03,I65.09,I65.21,I65.22,I65.23,I65.29,I67.81,I67.82,I67.841,I67.848,I67.89,I69.00,I69.01,I69.010,I69.011,I69.012,I69.013,I69.014,I69.015,I69.018,I69.019,I69.02,I69.020,I69.021,I69.022,I69.023,I69.028,I69.03,I69.031,I69.032,I69.033,I69.034,I69.039,I69.04,I69.041,I69.042,I69.043,I69.044,I69.049,I69.05,I69.051,I69.052,I69.053,I69.054,I69.059,I69.06,I69.061,I69.062,I69.063,I69.064,I69.065,I69.069,I69.09,I69.090,I69.091,I69.092,I69.093,I69.098,I69.10,I69.11,I69.110,I69.111,I69.112,I69.113,I69.114,I69.115,I69.118,I69.119,I69.12,I69.120,I69.121,I69.122,I69.123,I69.128,I69.13,I69.131,I69.132,I69.133,I69.134,I69.139,I69.14,I69.141,I69.142,I69.143,I69.144,I69.149,I69.15,I69.151,I69.152,I69.153,I69.154,I69.159,I69.16,I69.161,I69.162,I69.163,I69.164,I69.165,I69.169,I69.19,I69.190,I69.191,I69.192,I69.193,I69.198,I69.20,I69.21,I69.210,I69.211,I69.212,I69.213,I69.214,I69.215,I69.218,I69.219,I69.22,I69.220,I69.221,I69.222,I69.223,I69.228,I69.23,I69.231,I69.232,I69.233,I69.234,I69.239,I69.24,I69.241,I69.242,I69.243,I69.244,I69.249,I69.25,I69.251,I69.252,I69.253,I69.254,I69.259,I69.26,I69.261,I69.262,I69.263,I69.264,I69.265,I69.269,I69.29,I69.290,I69.291,I69.292,I69.293,I69.298,I69.30,I69.31,I69.310,I69.311,I69.312,I69.313,I69.314,I69.315,I69.318,I69.319,I69.32,I69.320,I69.321,I69.322,I69.323,I69.328,I69.33,I69.331,I69.332,I69.333,I69.334,I69.339,I69.34,I69.341,I69.342,I69.343,I69.344,I69.349,I69.35,I69.351,I69.352,I69.353,I69.354,I69.359,I69.36,I69.361,I69.362,I69.363,I69.364,I69.365,I69.369,I69.39,I69.390,I69.391,I69.392,I69.393,I69.398,I69.80,I69.81,I69.810,I69.811,I69.812,I69.813,I69.814,I69.815,I69.818,I69.819,I69.82,I69.820,I69.821,I69.822,I69.823,I69.828,I69.83,I69.831,I69.832,I69.833,I69.834,I69.839,I69.84,I69.841,I69.842,I69.843,I69.844,I69.849,I69.85,I69.851,I69.852,I69.853,I69.854,I69.859,I69.86,I69.861,I69.862,I69.863,I69.864,I69.865,I69.869,I69.89,I69.890,I69.891,I69.892,I69.893,I69.898,I69.9,I69.90,I69.91,I69.910,I69.911,I69.912,I69.913,I69.914,I69.915,I69.918,I69.919,I69.92,I69.920,I69.921,I69.922,I69.923,I69.928,I69.93,I69.931,I69.932,I69.933,I69.934,I69.939,I69.94,I69.941,I69.942,I69.943,I69.944,I69.949,I69.95,I69.951,I69.952,I69.953,I69.954,I69.959,I69.96,I69.961,I69.962,I69.963,I69.964,I69.965,I69.969,I69.99,I69.990,I69.991,I69.992,I69.993,I69.998,M47.02,Z86.73,346.6,346.61,346.62,346.63,430.0,430.9,431.0,431.9,432.0,432.1,432.9,433.0,433.01,433.1,433.11,433.2,433.21,433.3,433.31,433.8,433.81,433.9,433.91,435.0,435.1,435.2,435.3,435.8,435.9,436.0,436.9,437.0,437.1,437.2,437.3,437.4,437.5,437.7,437.8,437.9,438.0,438.1,438.11,438.12,438.13,438.14,438.19,438.2,438.21,438.22,438.3,438.31,438.32,438.4,438.41,438.42,438.5,438.51,438.52,438.53,438.6,438.7,438.8,438.81,438.82,438.83,438.84,438.85,438.89,438.9,V12.54"
433.21,"Cerebral artery occlusion, with cerebral infarction",Both,"I63.0,I63.3,I63.4,I63.5,I63.6,I63.8,I64,I63.30,I63.31,I63.311,I63.312,I63.313,I63.319,I63.32,I63.321,I63.322,I63.323,I63.329,I63.33,I63.331,I63.332,I63.333,I63.339,I63.34,I63.341,I63.342,I63.343,I63.349,I63.39,I63.40,I63.41,I63.411,I63.412,I63.413,I63.419,I63.42,I63.421,I63.422,I63.423,I63.429,I63.43,I63.431,I63.432,I63.433,I63.439,I63.44,I63.441,I63.442,I63.443,I63.449,I63.49,I63.50,I63.51,I63.511,I63.512,I63.513,I63.519,I63.52,I63.521,I63.522,I63.523,I63.529,I63.53,I63.531,I63.532,I63.533,I63.539,I63.54,I63.541,I63.542,I63.543,I63.549,I63.59,I63.9,434.01,434.11,434.91","G45.0,G45.1,G45.2,G45.4,G45.8,G45.9,G46.0,G46.1,G46.2,G46.3,G46.4,G46.5,G46.6,G46.7,G46.8,I60,I61,I62,I63,I64,I65,I66,I67,I68,I69,I60.0,I60.1,I60.2,I60.3,I60.4,I60.5,I60.6,I60.7,I60.8,I60.9,I61.0,I61.1,I61.2,I61.3,I61.4,I61.5,I61.6,I61.8,I61.9,I62.0,I62.1,I62.9,I63.1,I63.2,I63.9,I65.0,I65.1,I65.2,I65.3,I65.8,I65.9,I66.0,I66.1,I66.2,I66.3,I66.4,I66.8,I66.9,I67.0,I67.1,I67.2,I67.3,I67.4,I67.5,I67.6,I67.7,I67.8,I67.9,I68.0,I68.1,I68.2,I68.8,I69.0,I69.1,I69.2,I69.3,I69.4,I69.8,S06.4,S06.40,S06.41,G43.6,G43.60,G43.601,G43.609,G43.61,G43.611,G43.619,I60.00,I60.01,I60.02,I60.10,I60.11,I60.12,I60.30,I60.31,I60.32,I60.50,I60.51,I60.52,I62.00,I62.01,I62.02,I62.03,I63.00,I63.01,I63.011,I63.012,I63.019,I63.02,I63.03,I63.031,I63.032,I63.039,I63.09,I63.10,I63.11,I63.111,I63.112,I63.113,I63.119,I63.12,I63.13,I63.131,I63.132,I63.133,I63.139,I63.19,I63.20,I63.21,I63.211,I63.212,I63.213,I63.219,I63.22,I63.23,I63.231,I63.232,I63.233,I63.239,I63.29,I65.01,I65.02,I65.03,I65.09,I65.21,I65.22,I65.23,I65.29,I66.01,I66.02,I66.03,I66.09,I66.11,I66.12,I66.13,I66.19,I66.21,I66.22,I66.23,I66.29,I67.81,I67.82,I67.841,I67.848,I67.89,I69.00,I69.01,I69.010,I69.011,I69.012,I69.013,I69.014,I69.015,I69.018,I69.019,I69.02,I69.020,I69.021,I69.022,I69.023,I69.028,I69.03,I69.031,I69.032,I69.033,I69.034,I69.039,I69.04,I69.041,I69.042,I69.043,I69.044,I69.049,I69.05,I69.051,I69.052,I69.053,I69.054,I69.059,I69.06,I69.061,I69.062,I69.063,I69.064,I69.065,I69.069,I69.09,I69.090,I69.091,I69.092,I69.093,I69.098,I69.10,I69.11,I69.110,I69.111,I69.112,I69.113,I69.114,I69.115,I69.118,I69.119,I69.12,I69.120,I69.121,I69.122,I69.123,I69.128,I69.13,I69.131,I69.132,I69.133,I69.134,I69.139,I69.14,I69.141,I69.142,I69.143,I69.144,I69.149,I69.15,I69.151,I69.152,I69.153,I69.154,I69.159,I69.16,I69.161,I69.162,I69.163,I69.164,I69.165,I69.169,I69.19,I69.190,I69.191,I69.192,I69.193,I69.198,I69.20,I69.21,I69.210,I69.211,I69.212,I69.213,I69.214,I69.215,I69.218,I69.219,I69.22,I69.220,I69.221,I69.222,I69.223,I69.228,I69.23,I69.231,I69.232,I69.233,I69.234,I69.239,I69.24,I69.241,I69.242,I69.243,I69.244,I69.249,I69.25,I69.251,I69.252,I69.253,I69.254,I69.259,I69.26,I69.261,I69.262,I69.263,I69.264,I69.265,I69.269,I69.29,I69.290,I69.291,I69.292,I69.293,I69.298,I69.30,I69.31,I69.310,I69.311,I69.312,I69.313,I69.314,I69.315,I69.318,I69.319,I69.32,I69.320,I69.321,I69.322,I69.323,I69.328,I69.33,I69.331,I69.332,I69.333,I69.334,I69.339,I69.34,I69.341,I69.342,I69.343,I69.344,I69.349,I69.35,I69.351,I69.352,I69.353,I69.354,I69.359,I69.36,I69.361,I69.362,I69.363,I69.364,I69.365,I69.369,I69.39,I69.390,I69.391,I69.392,I69.393,I69.398,I69.80,I69.81,I69.810,I69.811,I69.812,I69.813,I69.814,I69.815,I69.818,I69.819,I69.82,I69.820,I69.821,I69.822,I69.823,I69.828,I69.83,I69.831,I69.832,I69.833,I69.834,I69.839,I69.84,I69.841,I69.842,I69.843,I69.844,I69.849,I69.85,I69.851,I69.852,I69.853,I69.854,I69.859,I69.86,I69.861,I69.862,I69.863,I69.864,I69.865,I69.869,I69.89,I69.890,I69.891,I69.892,I69.893,I69.898,I69.9,I69.90,I69.91,I69.910,I69.911,I69.912,I69.913,I69.914,I69.915,I69.918,I69.919,I69.92,I69.920,I69.921,I69.922,I69.923,I69.928,I69.93,I69.931,I69.932,I69.933,I69.934,I69.939,I69.94,I69.941,I69.942,I69.943,I69.944,I69.949,I69.95,I69.951,I69.952,I69.953,I69.954,I69.959,I69.96,I69.961,I69.962,I69.963,I69.964,I69.965,I69.969,I69.99,I69.990,I69.991,I69.992,I69.993,I69.998,M47.02,Z86.73,346.6,346.61,346.62,346.63,430.0,430.9,431.0,431.9,432.0,432.1,432.9,433.0,433.01,433.1,433.11,433.2,433.21,433.3,433.31,433.8,433.81,433.9,433.91,434.0,434.1,434.9,435.0,435.1,435.2,435.3,435.8,435.9,436.0,436.9,437.0,437.1,437.2,437.3,437.4,437.5,437.6,437.7,437.8,437.9,438.0,438.1,438.11,438.12,438.13,438.14,438.19,438.2,438.21,438.22,438.3,438.31,438.32,438.4,438.41,438.42,438.5,438.51,438.52,438.53,438.6,438.7,438.8,438.81,438.82,438.83,438.84,438.85,438.89,438.9,V12.54"
433.8,Late effects of cerebrovascular disease,Both,"I69,I69.0,I69.1,I69.2,I69.3,I69.4,I69.8,I69.00,I69.01,I69.010,I69.011,I69.012,I69.013,I69.014,I69.015,I69.018,I69.019,I69.02,I69.020,I69.021,I69.022,I69.023,I69.028,I69.03,I69.031,I69.032,I69.033,I69.034,I69.039,I69.04,I69.041,I69.042,I69.043,I69.044,I69.049,I69.05,I69.051,I69.052,I69.053,I69.054,I69.059,I69.06,I69.061,I69.062,I69.063,I69.064,I69.065,I69.069,I69.09,I69.090,I69.091,I69.092,I69.093,I69.098,I69.10,I69.11,I69.110,I69.111,I69.112,I69.113,I69.114,I69.115,I69.118,I69.119,I69.12,I69.120,I69.121,I69.122,I69.123,I69.128,I69.13,I69.131,I69.132,I69.133,I69.134,I69.139,I69.14,I69.141,I69.142,I69.143,I69.144,I69.149,I69.15,I69.151,I69.152,I69.153,I69.154,I69.159,I69.16,I69.161,I69.162,I69.163,I69.164,I69.165,I69.169,I69.19,I69.190,I69.191,I69.192,I69.193,I69.198,I69.20,I69.21,I69.210,I69.211,I69.212,I69.213,I69.214,I69.215,I69.218,I69.219,I69.22,I69.220,I69.221,I69.222,I69.223,I69.228,I69.23,I69.231,I69.232,I69.233,I69.234,I69.239,I69.24,I69.241,I69.242,I69.243,I69.244,I69.249,I69.25,I69.251,I69.252,I69.253,I69.254,I69.259,I69.26,I69.261,I69.262,I69.263,I69.264,I69.265,I69.269,I69.29,I69.290,I69.291,I69.292,I69.293,I69.298,I69.30,I69.31,I69.310,I69.311,I69.312,I69.313,I69.314,I69.315,I69.318,I69.319,I69.32,I69.320,I69.321,I69.322,I69.323,I69.328,I69.33,I69.331,I69.332,I69.333,I69.334,I69.339,I69.34,I69.341,I69.342,I69.343,I69.344,I69.349,I69.35,I69.351,I69.352,I69.353,I69.354,I69.359,I69.36,I69.361,I69.362,I69.363,I69.364,I69.365,I69.369,I69.39,I69.390,I69.391,I69.392,I69.393,I69.398,I69.80,I69.81,I69.810,I69.811,I69.812,I69.813,I69.814,I69.815,I69.818,I69.819,I69.82,I69.820,I69.821,I69.822,I69.823,I69.828,I69.83,I69.831,I69.832,I69.833,I69.834,I69.839,I69.84,I69.841,I69.842,I69.843,I69.844,I69.849,I69.85,I69.851,I69.852,I69.853,I69.854,I69.859,I69.86,I69.861,I69.862,I69.863,I69.864,I69.865,I69.869,I69.89,I69.890,I69.891,I69.892,I69.893,I69.898,I69.9,I69.90,I69.91,I69.910,I69.911,I69.912,I69.913,I69.914,I69.915,I69.918,I69.919,I69.92,I69.920,I69.921,I69.922,I69.923,I69.928,I69.93,I69.931,I69.932,I69.933,I69.934,I69.939,I69.94,I69.941,I69.942,I69.943,I69.944,I69.949,I69.95,I69.951,I69.952,I69.953,I69.954,I69.959,I69.96,I69.961,I69.962,I69.963,I69.964,I69.965,I69.969,I69.99,I69.990,I69.991,I69.992,I69.993,I69.998,438.0,438.1,438.11,438.12,438.13,438.14,438.19,438.2,438.21,438.22,438.3,438.31,438.32,438.4,438.41,438.42,438.5,438.51,438.52,438.53,438.6,438.7,438.8,438.81,438.82,438.83,438.84,438.85,438.89,438.9","G45.0,G45.1,G45.2,G45.4,G45.8,G45.9,G46.0,G46.1,G46.2,G46.3,G46.4,G46.5,G46.6,G46.7,G46.8,I60,I61,I62,I63,I64,I65,I66,I67,I68,I69,I60.0,I60.1,I60.2,I60.3,I60.4,I60.5,I60.6,I60.7,I60.8,I60.9,I61.0,I61.1,I61.2,I61.3,I61.4,I61.5,I61.6,I61.8,I61.9,I62.0,I62.1,I62.9,I63.0,I63.1,I63.2,I63.3,I63.4,I63.5,I63.6,I63.8,I63.9,I65.0,I65.1,I65.2,I65.3,I65.8,I65.9,I66.0,I66.1,I66.2,I66.3,I66.4,I66.8,I66.9,I67.0,I67.1,I67.2,I67.3,I67.4,I67.5,I67.6,I67.7,I67.8,I67.9,I68.0,I68.1,I68.2,I68.8,S06.4,S06.40,S06.41,G43.6,G43.60,G43.601,G43.609,G43.61,G43.611,G43.619,I60.00,I60.01,I60.02,I60.10,I60.11,I60.12,I60.30,I60.31,I60.32,I60.50,I60.51,I60.52,I62.00,I62.01,I62.02,I62.03,I63.00,I63.01,I63.011,I63.012,I63.019,I63.02,I63.03,I63.031,I63.032,I63.039,I63.09,I63.10,I63.11,I63.111,I63.112,I63.113,I63.119,I63.12,I63.13,I63.131,I63.132,I63.133,I63.139,I63.19,I63.20,I63.21,I63.211,I63.212,I63.213,I63.219,I63.22,I63.23,I63.231,I63.232,I63.233,I63.239,I63.29,I63.30,I63.31,I63.311,I63.312,I63.313,I63.319,I63.32,I63.321,I63.322,I63.323,I63.329,I63.33,I63.331,I63.332,I63.333,I63.339,I63.34,I63.341,I63.342,I63.343,I63.349,I63.39,I63.40,I63.41,I63.411,I63.412,I63.413,I63.419,I63.42,I63.421,I63.422,I63.423,I63.429,I63.43,I63.431,I63.432,I63.433,I63.439,I63.44,I63.441,I63.442,I63.443,I63.449,I63.49,I63.50,I63.51,I63.511,I63.512,I63.513,I63.519,I63.52,I63.521,I63.522,I63.523,I63.529,I63.53,I63.531,I63.532,I63.533,I63.539,I63.54,I63.541,I63.542,I63.543,I63.549,I63.59,I65.01,I65.02,I65.03,I65.09,I65.21,I65.22,I65.23,I65.29,I66.01,I66.02,I66.03,I66.09,I66.11,I66.12,I66.13,I66.19,I66.21,I66.22,I66.23,I66.29,I67.81,I67.82,I67.841,I67.848,I67.89,M47.02,Z86.73,346.6,346.61,346.62,346.63,430.0,430.9,431.0,431.9,432.0,432.1,432.9,433.0,433.01,433.1,433.11,433.2,433.21,433.3,433.31,433.8,433.81,433.9,433.91,434.0,434.01,434.1,434.11,434.9,434.91,435.0,435.1,435.2,435.3,435.8,435.9,436.0,436.9,437.0,437.1,437.2,437.3,437.4,437.5,437.6,437.7,437.8,437.9,V12.54"
440,Atherosclerosis,Both,"I25.0,I70,I71,I72,I73,I74,I75,I76,I77,I78,I79,I70.0,I70.00,I70.01,I70.1,I70.10,I70.11,I70.2,I70.20,I70.21,I70.8,I70.80,I70.81,I70.9,I70.90,I70.91,I70.201,I70.202,I70.203,I70.208,I70.209,I70.211,I70.212,I70.213,I70.218,I70.219,I70.22,I70.221,I70.222,I70.223,I70.228,I70.229,I70.231,I70.232,I70.233,I70.234,I70.235,I70.238,I70.239,I70.241,I70.242,I70.243,I70.244,I70.245,I70.248,I70.249,I70.25,I70.26,I70.261,I70.262,I70.263,I70.268,I70.269,I70.29,I70.291,I70.292,I70.293,I70.298,I70.299,I70.30,I70.301,I70.302,I70.303,I70.308,I70.309,I70.31,I70.311,I70.312,I70.313,I70.318,I70.319,I70.32,I70.321,I70.322,I70.323,I70.328,I70.329,I70.331,I70.332,I70.333,I70.334,I70.335,I70.338,I70.339,I70.341,I70.342,I70.343,I70.344,I70.345,I70.348,I70.349,I70.35,I70.36,I70.361,I70.362,I70.363,I70.368,I70.369,I70.39,I70.391,I70.392,I70.393,I70.398,I70.399,I70.40,I70.401,I70.402,I70.403,I70.408,I70.409,I70.41,I70.411,I70.412,I70.413,I70.418,I70.419,I70.42,I70.421,I70.422,I70.423,I70.428,I70.429,I70.431,I70.432,I70.433,I70.434,I70.435,I70.438,I70.439,I70.441,I70.442,I70.443,I70.444,I70.445,I70.448,I70.449,I70.45,I70.46,I70.461,I70.462,I70.463,I70.468,I70.469,I70.49,I70.491,I70.492,I70.493,I70.498,I70.499,I70.50,I70.501,I70.502,I70.503,I70.508,I70.509,I70.51,I70.511,I70.512,I70.513,I70.518,I70.519,I70.52,I70.521,I70.522,I70.523,I70.528,I70.529,I70.531,I70.532,I70.533,I70.534,I70.535,I70.538,I70.539,I70.541,I70.542,I70.543,I70.544,I70.545,I70.548,I70.549,I70.55,I70.56,I70.561,I70.562,I70.563,I70.568,I70.569,I70.59,I70.591,I70.592,I70.593,I70.598,I70.599,I70.60,I70.601,I70.602,I70.603,I70.608,I70.609,I70.61,I70.611,I70.612,I70.613,I70.618,I70.619,I70.62,I70.621,I70.622,I70.623,I70.628,I70.629,I70.631,I70.632,I70.633,I70.634,I70.635,I70.638,I70.639,I70.641,I70.642,I70.643,I70.644,I70.645,I70.648,I70.649,I70.65,I70.66,I70.661,I70.662,I70.663,I70.668,I70.669,I70.69,I70.691,I70.692,I70.693,I70.698,I70.699,I70.70,I70.701,I70.702,I70.703,I70.708,I70.709,I70.71,I70.711,I70.712,I70.713,I70.718,I70.719,I70.72,I70.721,I70.722,I70.723,I70.728,I70.729,I70.731,I70.732,I70.733,I70.734,I70.735,I70.738,I70.739,I70.741,I70.742,I70.743,I70.744,I70.745,I70.748,I70.749,I70.75,I70.76,I70.761,I70.762,I70.763,I70.768,I70.769,I70.79,I70.791,I70.792,I70.793,I70.798,I70.799,I70.92,440.0,440.1,440.2,440.21,440.22,440.23,440.24,440.29,440.3,440.31,440.32,440.4,440.8,440.9","E10.5,E11.5,E14.5,I67.0,I71.0,I71.1,I71.2,I71.3,I71.4,I71.5,I71.6,I71.8,I71.9,I72,I72.0,I72.1,I72.2,I72.3,I72.4,I72.5,I72.6,I72.8,I72.9,I73,I73.0,I73.1,I73.8,I73.9,I74,I74.0,I74.1,I74.2,I74.3,I74.4,I74.5,I74.8,I74.9,I77,I77.0,I77.1,I77.2,I77.3,I77.4,I77.5,I77.6,I77.8,I77.9,I78,I78.0,I78.1,I78.8,I78.9,I79.0,I79.1,I79.2,I79.8,K55,K56,K57,K58,K59,K60,K61,K62,K63,K64,K55.0,K55.1,K55.2,K55.8,K55.9,M05.2,M05.20,M05.21,M05.22,M05.23,M05.24,M05.25,M05.26,M05.27,M05.28,M05.29,M30,M30.0,M30.1,M30.2,M30.3,M30.8,M31.0,M31.1,M31.2,M31.3,M31.4,M31.5,M31.6,M31.8,M31.9,Q27.3,D47.01,I71.00,I71.01,I71.02,I71.03,I73.00,I73.01,I73.81,I73.89,I74.01,I74.09,I74.10,I74.11,I74.19,I75,I75.0,I75.01,I75.011,I75.012,I75.013,I75.019,I75.02,I75.021,I75.022,I75.023,I75.029,I75.8,I75.81,I75.89,I77.7,I77.70,I77.71,I77.72,I77.73,I77.74,I77.75,I77.76,I77.77,I77.79,I77.81,I77.810,I77.811,I77.812,I77.819,I77.89,K55.01,K55.011,K55.012,K55.019,K55.02,K55.021,K55.022,K55.029,K55.03,K55.031,K55.032,K55.039,K55.04,K55.041,K55.042,K55.049,K55.05,K55.051,K55.052,K55.059,K55.06,K55.061,K55.062,K55.069,M31.30,M31.31,M31.7,441.0,441.01,441.02,441.03,441.1,441.2,441.3,441.4,441.5,441.6,441.7,441.9,442.0,442.1,442.2,442.3,442.8,442.81,442.82,442.83,442.84,442.89,442.9,443.0,443.1,443.2,443.21,443.22,443.23,443.24,443.29,443.8,443.81,443.82,443.89,443.9,444.0,444.01,444.09,444.1,444.2,444.21,444.22,444.8,444.81,444.89,444.9,445.0,445.01,445.02,445.8,445.81,445.89,446.0,446.1,446.2,446.21,446.29,446.3,446.4,446.5,446.6,446.7,447.0,447.1,447.2,447.3,447.4,447.5,447.6,447.7,447.71,447.72,447.73,447.8,447.9,448.0,448.1,448.9,557.0,557.1,557.9"
495,Asthma,Both,"J45,J45.0,J45.1,J45.8,J45.9,J46,J45.20,J45.21,J45.22,J45.30,J45.31,J45.32,J45.40,J45.41,J45.42,J45.50,J45.51,J45.52,J45.90,J45.901,J45.902,J45.909,J45.990,J45.991,J45.998,493.0,493.01,493.02,493.09,493.1,493.11,493.12,493.19,493.2,493.21,493.22,493.8,493.81,493.82,493.9,493.91,493.92,493.99","J40,J41,J42,J43,J44,J45,J46,J47,J41.0,J41.1,J41.8,J43.0,J43.1,J43.2,J43.8,J43.9,J44.0,J44.1,J44.8,J44.9,J47.0,J47.1,J47.9,J98.01,490.0,490.9,491.0,491.1,491.2,491.21,491.22,491.8,491.9,492.0,492.8,492.9,494.0,494.1,494.9,496.0,496.9,519.11"
496.1,Emphysema,Both,"J43,J43.0,J43.1,J43.2,J43.8,J43.9,492.0,492.8,492.9","J40,J41,J42,J43,J44,J45,J46,J47,J41.0,J41.1,J41.8,J44.0,J44.1,J44.8,J44.9,J45.0,J45.1,J45.8,J45.9,J45.20,J45.21,J45.22,J45.30,J45.31,J45.32,J45.40,J45.41,J45.42,J45.50,J45.51,J45.52,J45.90,J45.901,J45.902,J45.909,J45.990,J45.991,J45.998,J47.0,J47.1,J47.9,J98.01,490.0,490.9,491.0,491.1,491.2,491.21,491.22,491.8,491.9,493.0,493.01,493.02,493.09,493.1,493.11,493.12,493.19,493.2,493.21,493.22,493.8,493.81,493.82,493.9,493.91,493.92,493.99,494.0,494.1,494.9,496.0,496.9,519.11"
496.21,Obstructive chronic bronchitis,Both,"J44,J44.0,J44.1,J44.8,J44.9,491.2,491.21,491.22","J40,J41,J42,J43,J44,J45,J46,J47,J41.0,J41.1,J41.8,J43.0,J43.1,J43.2,J43.8,J43.9,J45.0,J45.1,J45.8,J45.9,J44.9,J45.20,J45.21,J45.22,J45.30,J45.31,J45.32,J45.40,J45.41,J45.42,J45.50,J45.51,J45.52,J45.90,J45.901,J45.902,J45.909,J45.990,J45.991,J45.998,J47.0,J47.1,J47.9,J98.01,490.0,490.9,491.0,491.1,491.8,491.9,492.0,492.8,492.9,493.0,493.01,493.02,493.09,493.1,493.11,493.12,493.19,493.2,493.21,493.22,493.8,493.81,493.82,493.9,493.91,493.92,493.99,494.0,494.1,494.9,496.0,496.9,519.11"
496.3,Bronchiectasis,Both,"J47,J47.0,J47.1,J47.9,494.0,494.1,494.9","J40,J41,J42,J43,J44,J45,J46,J47,J41.0,J41.1,J41.8,J43.0,J43.1,J43.2,J43.8,J43.9,J44.0,J44.1,J44.8,J44.9,J45.0,J45.1,J45.8,J45.9,J45.20,J45.21,J45.22,J45.30,J45.31,J45.32,J45.40,J45.41,J45.42,J45.50,J45.51,J45.52,J45.90,J45.901,J45.902,J45.909,J45.990,J45.991,J45.998,J98.01,490.0,490.9,491.0,491.1,491.2,491.21,491.22,491.8,491.9,492.0,492.8,492.9,493.0,493.01,493.02,493.09,493.1,493.11,493.12,493.19,493.2,493.21,493.22,493.8,493.81,493.82,493.9,493.91,493.92,493.99,496.0,496.9,519.11"
509.1,Respiratory failure,Both,"J96.0,J96.00,J96.01,J96.09,J96.1,J96.10,J96.11,J96.19,J96.9,J96.90,J96.91,J96.99,J96.02,J96.12,J96.2,J96.20,J96.21,J96.22,J96.92,518.81,518.83,518.84","B22.1,J18.2,J60,J61,J62,J63,J64,J65,J66,J67,J68,J69,J70,J62.0,J62.8,J63.0,J63.1,J63.2,J63.3,J63.4,J63.5,J63.8,J66.0,J66.1,J66.2,J66.8,J67.0,J67.1,J67.2,J67.3,J67.4,J67.5,J67.6,J67.7,J67.8,J67.9,J68.0,J68.1,J68.2,J68.3,J68.4,J68.8,J68.9,J69.0,J69.1,J69.8,J70.0,J70.1,J70.2,J70.3,J70.4,J70.8,J70.9,J80,J81,J82,J83,J84,J84.0,J84.1,J84.8,J84.9,J86,J86.0,J86.9,J90,J91,J92,J93,J94,J92.0,J92.9,J93.0,J93.1,J93.8,J93.9,J94.0,J94.1,J94.2,J94.8,J94.9,J95.1,J95.2,J95.3,J98.1,J98.2,J98.3,R09.1,R09.2,Z99.1,D57.01,D57.211,D57.411,D57.811,J63.6,J70.5,J81.0,J81.1,J84.01,J84.02,J84.03,J84.09,J84.10,J84.11,J84.111,J84.112,J84.113,J84.114,J84.115,J84.116,J84.117,J84.17,J84.2,J84.81,J84.82,J84.83,J84.841,J84.842,J84.843,J84.848,J84.89,J91.8,J93.11,J93.12,J93.81,J93.82,J93.83,J95.81,J95.811,J95.812,J95.82,J95.821,J95.822,J95.850,J98.11,J98.19,R06.03,Z99.11,Z99.12,Z99.81,495.0,495.1,495.2,495.3,495.4,495.5,495.6,495.7,495.8,495.9,500.0,500.9,501.0,501.9,502.0,502.9,503.0,503.9,504.0,504.9,505.0,505.9,506.0,506.1,506.2,506.3,506.4,506.9,507.0,507.1,507.8,508.0,508.1,508.2,508.8,508.9,510.0,510.9,511.0,511.1,511.8,511.89,511.9,512.0,512.1,512.2,512.8,512.81,512.82,512.83,512.84,512.89,512.9,514.0,514.9,515.0,515.9,516.0,516.1,516.2,516.3,516.31,516.32,516.33,516.34,516.35,516.36,516.37,516.4,516.5,516.61,516.62,516.63,516.64,516.69,516.8,516.9,517.3,518.0,518.1,518.2,518.3,518.4,518.5,518.51,518.52,518.53,518.82,799.1,V46.1,V46.11,V46.12,V46.13,V46.14,V46.2"
555.1,Regional enteritis,Both,"K50,K51,K52,K50.0,K50.1,K50.8,K50.9,K50.00,K50.011,K50.012,K50.013,K50.014,K50.018,K50.019,K50.10,K50.111,K50.112,K50.113,K50.114,K50.118,K50.119,K50.80,K50.811,K50.812,K50.813,K50.814,K50.818,K50.819,K50.90,K50.911,K50.912,K50.913,K50.914,K50.918,K50.919,555.0,555.1,555.2,555.9","K51,K51.0,K51.1,K51.2,K51.3,K51.4,K51.5,K51.8,K51.9,K52.2,K52.8,K52.9,K56.0,K56.1,K56.2,K56.3,K56.4,K56.5,K56.6,K56.7,K57,K57.0,K57.1,K57.2,K57.3,K57.4,K57.5,K57.8,K57.9,K58,K58.0,K58.9,K59,K59.0,K59.1,K59.2,K59.3,K59.4,K59.8,K59.9,K62.6,K63.3,K90,K91,K92,K93,K90.0,K90.1,K90.2,K90.3,K90.4,K90.8,K90.9,R14,R15,R19.1,R19.2,R19.4,R19.8,R93.3,R93.5,Z43.2,Z87.1,Z93.2,E73,K31,K51.00,K51.011,K51.012,K51.013,K51.014,K51.018,K51.019,K51.20,K51.211,K51.212,K51.213,K51.214,K51.218,K51.219,K51.30,K51.311,K51.312,K51.313,K51.314,K51.318,K51.319,K51.40,K51.411,K51.412,K51.413,K51.414,K51.418,K51.419,K51.50,K51.511,K51.512,K51.513,K51.514,K51.518,K51.519,K51.80,K51.811,K51.812,K51.813,K51.814,K51.818,K51.819,K51.90,K51.911,K51.912,K51.913,K51.914,K51.918,K51.919,K52.21,K52.22,K52.29,K52.3,K52.81,K52.82,K52.83,K52.831,K52.832,K52.89,K55.20,K55.21,K56.41,K56.49,K56.50,K56.60,K56.600,K56.601,K56.609,K56.69,K56.690,K56.691,K56.699,K57.00,K57.01,K57.10,K57.11,K57.12,K57.13,K57.20,K57.21,K57.30,K57.31,K57.32,K57.33,K57.40,K57.41,K57.50,K57.51,K57.52,K57.53,K57.80,K57.81,K57.90,K57.91,K57.92,K57.93,K58.1,K58.2,K58.8,K59.00,K59.01,K59.02,K59.03,K59.04,K59.09,K59.31,K59.39,K63.81,K90.49,K90.89,R14.0,R14.1,R14.2,R14.3,R15.0,R15.1,R15.2,R15.9,R19.11,R19.12,R19.15,R19.7,Z87.19,536.9,555.0,556.0,556.1,556.2,556.3,556.4,556.5,556.6,556.8,556.9,558.0,558.4,558.41,558.42,558.9,558.91,558.99,560.0,560.1,560.2,560.3,560.31,560.32,560.39,560.8,560.81,560.89,560.9,562.0,562.01,562.02,562.03,562.1,562.11,562.12,562.13,564.0,564.01,564.02,564.09,564.1,564.2,564.3,564.4,564.5,564.6,564.7,564.8,564.81,564.89,564.9,569.41,569.82,569.84,569.85,569.86,579.0,579.1,579.2,579.3,579.4,579.8,579.81,579.82,579.83,579.84,579.85,579.89,579.9,787.4,787.5,787.6,787.61,787.62,787.63,787.9,787.99,V12.7,V12.70,V44.2,V47.3,V55.2"
555.2,Ulcerative colitis,Both,"K51,K51.0,K51.1,K51.2,K51.3,K51.4,K51.5,K51.8,K51.9,K51.00,K51.011,K51.012,K51.013,K51.014,K51.018,K51.019,K51.20,K51.211,K51.212,K51.213,K51.214,K51.218,K51.219,K51.30,K51.311,K51.312,K51.313,K51.314,K51.318,K51.319,K51.40,K51.411,K51.412,K51.413,K51.414,K51.418,K51.419,K51.50,K51.511,K51.512,K51.513,K51.514,K51.518,K51.519,K51.80,K51.811,K51.812,K51.813,K51.814,K51.818,K51.819,K51.90,K51.911,K51.912,K51.913,K51.914,K51.918,K51.919,556.0,556.1,556.2,556.3,556.4,556.5,556.6,556.8,556.9","K50,K51,K52,K50.0,K50.1,K50.8,K50.9,K52.2,K52.8,K52.9,K56.0,K56.1,K56.2,K56.3,K56.4,K56.5,K56.6,K56.7,K57,K57.0,K57.1,K57.2,K57.3,K57.4,K57.5,K57.8,K57.9,K58,K58.0,K58.9,K59,K59.0,K59.1,K59.2,K59.3,K59.4,K59.8,K59.9,K62.6,K63.3,K90,K91,K92,K93,K90.0,K90.1,K90.2,K90.3,K90.4,K90.8,K90.9,R14,R15,R19.1,R19.2,R19.4,R19.8,R93.3,R93.5,Z43.2,Z87.1,Z93.2,E73,K31,K50.00,K50.011,K50.012,K50.013,K50.014,K50.018,K50.019,K50.10,K50.111,K50.112,K50.113,K50.114,K50.118,K50.119,K50.80,K50.811,K50.812,K50.813,K50.814,K50.818,K50.819,K50.90,K50.911,K50.912,K50.913,K50.914,K50.918,K50.919,K52.21,K52.22,K52.29,K52.3,K52.81,K52.82,K52.83,K52.831,K52.832,K52.89,K55.20,K55.21,K56.41,K56.49,K56.50,K56.60,K56.600,K56.601,K56.609,K56.69,K56.690,K56.691,K56.699,K57.00,K57.01,K57.10,K57.11,K57.12,K57.13,K57.20,K57.21,K57.30,K57.31,K57.32,K57.33,K57.40,K57.41,K57.50,K57.51,K57.52,K57.53,K57.80,K57.81,K57.90,K57.91,K57.92,K57.93,K58.1,K58.2,K58.8,K59.00,K59.01,K59.02,K59.03,K59.04,K59.09,K59.31,K59.39,K63.81,K90.49,K90.89,R14.0,R14.1,R14.2,R14.3,R15.0,R15.1,R15.2,R15.9,R19.11,R19.12,R19.15,R19.7,Z87.19,536.9,555.0,555.1,555.2,555.9,558.0,558.4,558.41,558.42,558.9,558.91,558.99,560.0,560.1,560.2,560.3,560.31,560.32,560.39,560.8,560.81,560.89,560.9,562.0,562.01,562.02,562.03,562.1,562.11,562.12,562.13,564.0,564.01,564.02,564.09,564.1,564.2,564.3,564.4,564.5,564.6,564.7,564.8,564.81,564.89,564.9,569.41,569.82,569.84,569.85,569.86,579.0,579.1,579.2,579.3,579.4,579.8,579.81,579.82,579.83,579.84,579.85,579.89,579.9,787.4,787.5,787.6,787.61,787.62,787.63,787.9,787.99,V12.7,V12.70,V44.2,V47.3,V55.2"
585.3,Chronic renal failure [CKD],Both,"N18,N18.0,N18.1,N18.2,N18.3,N18.4,N18.5,N18.8,N18.9,Y60.2,Y61.2,Y62.0,Y84.1,Z49.1,Z49.2,Z99.2,N18.6,R88.0,Y62.2,585.0,585.3,585.4,585.5,585.6,585.9,792.5,996.73,E870.2,E871.2,E872.2,E874.2,E879.1,V45.1,V45.11,V45.12,V56,V56.0,V56.1,V56.2,V56.31,V56.32,V56.8","B52.0,M10.3,M10.30,M10.31,M10.32,M10.33,M10.34,M10.35,M10.36,M10.37,M10.38,M10.39,N00.0,N00.1,N00.2,N00.3,N00.4,N00.5,N00.6,N00.7,N01,N01.0,N01.1,N01.2,N01.3,N01.4,N01.5,N01.6,N01.7,N01.8,N01.9,N02.0,N02.1,N02.2,N02.3,N02.4,N02.5,N02.6,N02.7,N03,N03.0,N03.1,N03.2,N03.3,N03.4,N03.5,N03.6,N03.7,N03.8,N03.9,N04,N04.0,N04.1,N04.2,N04.3,N04.4,N04.5,N04.6,N04.7,N04.8,N04.9,N05,N05.0,N05.1,N05.2,N05.3,N05.4,N05.5,N05.6,N05.7,N05.8,N05.9,N06.0,N06.1,N06.2,N06.3,N06.4,N06.5,N06.6,N06.7,N07.0,N07.1,N07.2,N07.3,N07.4,N07.5,N07.6,N07.7,N08,N08.0,N08.1,N08.2,N08.3,N08.4,N08.5,N08.8,N10,N11,N12,N13,N14,N15,N16,N11.0,N11.1,N11.8,N11.9,N13.0,N13.4,N13.5,N13.6,N13.7,N13.8,N14.0,N14.1,N14.2,N14.3,N14.4,N15.0,N15.1,N15.8,N15.9,N16.0,N16.1,N16.2,N16.3,N16.4,N16.5,N16.8,N17,N18,N19,N17.0,N17.1,N17.2,N17.8,N17.9,N25,N26,N27,N28,N29,N25.0,N25.1,N25.8,N25.9,N27.0,N27.1,N27.9,N28.0,N28.1,N28.8,N28.9,N29.0,N29.1,N29.8,Q62.2,R94.4,Z94.0,M32.14,M32.15,M35.04,N00,N00.8,N00.9,N02.8,N02.9,N06.8,N06.9,N07.8,N07.9,N13.70,N13.71,N13.72,N13.721,N13.722,N13.729,N13.73,N13.731,N13.732,N13.739,N18.1,N18.2,N25.81,N25.89,N26.1,N26.9,N28.81,N28.82,N28.83,N28.84,N28.85,N28.86,N28.89,T86.1,T86.10,T86.11,T86.12,T86.13,T86.19,Z87.441,580.0,580.01,580.02,580.03,580.08,580.09,580.4,580.8,580.81,580.89,580.9,581.0,581.01,581.02,581.03,581.08,581.09,581.1,581.2,581.3,581.8,581.81,581.89,581.9,582.0,582.01,582.02,582.03,582.08,582.09,582.1,582.2,582.4,582.8,582.81,582.89,582.9,583.0,583.01,583.02,583.03,583.08,583.09,583.1,583.2,583.21,583.22,583.25,583.26,583.29,583.4,583.6,583.7,583.8,583.81,583.89,583.9,584.0,584.5,584.6,584.7,584.8,584.9,585.1,585.2,586.0,586.9,587.0,587.9,588.0,588.1,588.8,588.81,588.83,588.84,588.89,588.9,589.0,589.1,589.9,590.0,590.01,590.1,590.11,590.18,590.2,590.3,590.8,590.81,590.9,593.0,593.1,593.2,593.3,593.4,593.41,593.42,593.43,593.48,593.49,593.5,593.6,593.7,593.71,593.72,593.73,593.8,593.81,593.82,593.83,593.84,593.89,593.9,794.4,996.81,V13.03,V42.0"
595,Hydronephrosis,Both,"N13.1,N13.2,N13.3,N13.30,N13.39,591.0,591.9","N20,N21,N22,N23,N20.0,N20.1,N20.2,N20.9,N21.0,N21.1,N21.8,N21.9,N22.0,N22.8,Z87.442,592.0,592.1,592.9,594.0,594.1,594.2,594.8,594.9,788.0,V13.01"